CREATE,,,,,,,,,,,
"(:Candidate{name:""",Eoin ,O Broin,""", Gender: """,Male,"""}), ",,,Dublin Mid-West,Sinn Féin,,
"(:Candidate{name:""",Sean,O Buachalla ,""", Gender: """,Male,"""}), ",,,Meath East,Green Party,,
"(:Candidate{name:""",Diarmaid,O Cadhla,""", Gender: """,Male,"""}), ",,,Cork South-Central ,Independent,,
"(:Candidate{name:""",Caoimhghín ,Ó Caoláin,""", Gender: """,Male,"""}), ",,,Cavan-Monaghan,Sinn Féin,,
"(:Candidate{name:""",Proinsias,O Connor,""", Gender: """,Male,"""}), ",,,Dublin Bay North,Independent,,
"(:Candidate{name:""",Oisin, O hAlmhain,""", Gender: """,Male,"""}), ",,,Dublin South-Central,Green Party,,
"(:Candidate{name:""",Donnchadh,O Laoghaire,""", Gender: """,Male,"""}), ",,,Cork South-Central ,Sinn Féin,,
"(:Candidate{name:""",Aodhán ,O Ríordáin,""", Gender: """,Male,"""}), ",,,Dublin Bay North,Labour Party,,
"(:Candidate{name:""",Aengus,O Snodaigh,""", Gender: """,Male,"""}), ",,,Dublin South-Central,Sinn Féin,,
"(:Candidate{name:""",Niall,O Tuathail,""", Gender: """,Male,"""}), ",,,Galway West,Social Democrats,,
"(:Candidate{name:""",Naoise,O Muirí,""", Gender: """,Male,"""}), ",,,Dublin Bay North,Fine Gael,,
"(:Candidate{name:""",Gerry,Adams,""", Gender: """,Male,"""}), ",,,Louth,Sinn Féin,,
"(:Candidate{name:""",Barbara,Ahern,""", Gender: """,Female,"""}), ",,,Cork East,Fianna FÃ¡il,,
"(:Candidate{name:""",Sheikh Mohiuddin,Ahmed,""", Gender: """,Male,"""}), ",,,Waterford,Independent,,
"(:Candidate{name:""",Patrick,Akpoveta,""", Gender: """,Male,"""}), ",,,Dublin Mid-West,Independent,,
"(:Candidate{name:""",Siobhan,Ambrose,""", Gender: """,Female,"""}), ",,,Tipperary,Fianna FÃ¡il,,
"(:Candidate{name:""",Chris,Andrews,""", Gender: """,Male,"""}), ",,,Dublin Bay South,Sinn Féin,,
"(:Candidate{name:""",Catherine,Ardagh,""", Gender: """,Female,"""}), ",,,Dublin South-Central,Fianna FÃ¡il,,
"(:Candidate{name:""",Bobby,Aylward ,""", Gender: """,Male,"""}), ",,,Carlow-Kilkenny,Fianna FÃ¡il,,
"(:Candidate{name:""",Maria,Bailey,""", Gender: """,Female,"""}), ",,,DÃºn Laoghaire,Fine Gael,,
"(:Candidate{name:""",James ,Bannon,""", Gender: """,Male,"""}), ",,,Longford-Westmeath,Fine Gael,,
"(:Candidate{name:""",Tom,Barry,""", Gender: """,Male,"""}), ",,,Cork East,Fine Gael,,
"(:Candidate{name:""",Mick,Barry,""", Gender: """,Male,"""}), ",,,Cork North-Central,People Before Profit Alliance,,
"(:Candidate{name:""",Joe,Behan,""", Gender: """,Male,"""}), ",,,Wicklow,Independent,,
"(:Candidate{name:""",Michael,Beirne,""", Gender: """,Male,"""}), ",,,Kildare North,Independent,,
"(:Candidate{name:""",Nora,Bennis,""", Gender: """,Female,"""}), ",,,Limerick City,Catholic Democrats,,
"(:Candidate{name:""",Lorna ,Bogue,""", Gender: """,Female,"""}), ",,,Cork South-Central ,Green Party,,
"(:Candidate{name:""",Joe,Bonner,""", Gender: """,Male,"""}), ",,,Meath East,Independent,,
"(:Candidate{name:""",Kate,Bopp,""", Gender: """,Female,"""}), ",,,Offaly,Independent,,
"(:Candidate{name:""",Richard,Boyd-Barrett ,""", Gender: """,Male,"""}), ",,,DÃºn Laoghaire,People Before Profit Alliance,,
"(:Candidate{name:""",Paul ,Bradford,""", Gender: """,Male,"""}), ",,,Cork East,Renua,,
"(:Candidate{name:""",Neville,Bradley,""", Gender: """,Male,"""}), ",,,Dublin South-Central,Direct Democracy Ireland,,
"(:Candidate{name:""",David ,Bradley,""", Gender: """,Male,"""}), ",,,Louth,Independent,,
"(:Candidate{name:""",John,Brady,""", Gender: """,Male,"""}), ",,,Wicklow,Sinn Féin,,
"(:Candidate{name:""",John ,Brassil,""", Gender: """,Male,"""}), ",,,Kerry,Fianna FÃ¡il,,
"(:Candidate{name:""",Declan ,Breathnach,""", Gender: """,Male,"""}), ",,,Louth,Fianna FÃ¡il,,
"(:Candidate{name:""",Declan,Bree,""", Gender: """,Male,"""}), ",,,Sligoâ€“Leitrim,Independent,,
"(:Candidate{name:""",Pat,Breen,""", Gender: """,Male,"""}), ",,,Clare,Fine Gael,,
"(:Candidate{name:""",Sharon,Briggs,""", Gender: """,Female,"""}), ",,,Wicklow,People Before Profit Alliance,,
"(:Candidate{name:""",Colm,Brophy,""", Gender: """,Male,"""}), ",,,Dublin South-West,Fine Gael,,
"(:Candidate{name:""",Tommy,Broughan,""", Gender: """,Male,"""}), ",,,Dublin Bay North,Independents 4 Change,,
"(:Candidate{name:""",Seamus,Browne,""", Gender: """,Male,"""}), ",,,Limerick County,Sinn Féin,,
"(:Candidate{name:""",James,Browne,""", Gender: """,Male,"""}), ",,,Wexford,Fianna FÃ¡il,,
"(:Candidate{name:""",Richard,Bruton,""", Gender: """,Male,"""}), ",,,Dublin Bay North,Fine Gael,,
"(:Candidate{name:""",Pat,Buckley,""", Gender: """,Male,"""}), ",,,Cork East,Sinn Féin,,
"(:Candidate{name:""",Paddy,Bullman,""", Gender: """,Male,"""}), ",,,Cork East,Independent,,
"(:Candidate{name:""",Christy,Burke,""", Gender: """,Male,"""}), ",,,Dublin Central,Independent,,
"(:Candidate{name:""",Declan ,Burke,""", Gender: """,Male,"""}), ",,,Dublin South-West,Independent,,
"(:Candidate{name:""",Peter,Burke,""", Gender: """,Male,"""}), ",,,Longford-Westmeath,Fine Gael,,
"(:Candidate{name:""",Joan ,Burton,""", Gender: """,Female,"""}), ",,,Dublin West,Labour Party,,
"(:Candidate{name:""",Ray,Butler,""", Gender: """,Male,"""}), ",,,Meath West,Fine Gael,,
"(:Candidate{name:""",Mary,Butler,""", Gender: """,Female,"""}), ",,,Waterford,Fianna FÃ¡il,,
"(:Candidate{name:""",Jerry,Buttimer,""", Gender: """,Male,"""}), ",,,Cork South-Central ,Fine Gael,,
"(:Candidate{name:""",Catherine,Byrne,""", Gender: """,Female,"""}), ",,,Dublin South-Central,Fine Gael,,
"(:Candidate{name:""",Eric,Byrne,""", Gender: """,Male,"""}), ",,,Dublin South-Central,Labour Party,,
"(:Candidate{name:""",Thomas,Byrne,""", Gender: """,Male,"""}), ",,,Meath East,Fianna FÃ¡il,,
"(:Candidate{name:""",Malcolm,Byrne,""", Gender: """,Male,"""}), ",,,Wexford,Fianna FÃ¡il,,
"(:Candidate{name:""",Aoife,Byrne,""", Gender: """,Female,"""}), ",,,Wexford,Fianna FÃ¡il,,
"(:Candidate{name:""",Richard ,Cahill,""", Gender: """,Male,"""}), ",,,Clare,Independent,,
"(:Candidate{name:""",Jackie,Cahill,""", Gender: """,Male,"""}), ",,,Tipperary,Fianna FÃ¡il,,
"(:Candidate{name:""",Micheal,Callaghan,""", Gender: """,Male,"""}), ",,,Cavan-Monaghan,Green Party,,
"(:Candidate{name:""",Kevin,Callan,""", Gender: """,Male,"""}), ",,,Louth,Independent,,
"(:Candidate{name:""",Dara,Calleary,""", Gender: """,Male,"""}), ",,,Mayo,Fianna FÃ¡il,,
"(:Candidate{name:""",Sean ,Canney,""", Gender: """,Male,"""}), ",,,Galway East,Independent,,
"(:Candidate{name:""",Ross,Cannon,""", Gender: """,Male,"""}), ",,,Cork East,Independent,,
"(:Candidate{name:""",Ciaran,Cannon,""", Gender: """,Male,"""}), ",,,Galway East,Fine Gael,,
"(:Candidate{name:""",Joe ,Carey,""", Gender: """,Male,"""}), ",,,Clare,Fine Gael,,
"(:Candidate{name:""",Cathleen,Carney Boud,""", Gender: """,Female,"""}), ",,,Dublin North-West,Sinn Féin,,
"(:Candidate{name:""",Ger,Carthy,""", Gender: """,Male,"""}), ",,,Wexford,Independent,,
"(:Candidate{name:""",Dermot ,Casey,""", Gender: """,Male,"""}), ",,,Dublin West,Independent,,
"(:Candidate{name:""",Pat ,Casey,""", Gender: """,Male,"""}), ",,,Wicklow,Fianna FÃ¡il,,
"(:Candidate{name:""",Shane,Cassells,""", Gender: """,Male,"""}), ",,,Meath West,Fianna FÃ¡il,,
"(:Candidate{name:""",Marie,Casserly ,""", Gender: """,Female,"""}), ",,,Sligoâ€“Leitrim,Independent,,
"(:Candidate{name:""",Jack,Chambers,""", Gender: """,Male,"""}), ",,,Dublin West,Fianna FÃ¡il,,
"(:Candidate{name:""",Lisa,Chambers,""", Gender: """,Female,"""}), ",,,Mayo,Fianna FÃ¡il,,
"(:Candidate{name:""",James ,Charity ,""", Gender: """,Male,"""}), ",,,Galway West,Independent,,
"(:Candidate{name:""",TJ,Clare,""", Gender: """,Male,"""}), ",,,Dublin West,Independent,,
"(:Candidate{name:""",Paul,Clarke,""", Gender: """,Male,"""}), ",,,Dublin Bay North,Independent,,
"(:Candidate{name:""",Lorraine ,Clifford Lee,""", Gender: """,Female,"""}), ",,,Dublin Fingal,Fianna FÃ¡il,,
"(:Candidate{name:""",Emma ,Coffey,""", Gender: """,Female,"""}), ",,,Louth,Fianna FÃ¡il,,
"(:Candidate{name:""",Paudie,Coffey,""", Gender: """,Male,"""}), ",,,Waterford,Fine Gael,,
"(:Candidate{name:""",Alan ,Coleman,""", Gender: """,Male,"""}), ",,,Cork South-West,Independent,,
"(:Candidate{name:""",Tony ,Coleman,""", Gender: """,Male,"""}), ",,,Roscommon-Galway,Independent,,
"(:Candidate{name:""",Clare ,Colleran Molloy,""", Gender: """,Female,"""}), ",,,Clare,Fianna FÃ¡il,,
"(:Candidate{name:""",Aine ,Collins,""", Gender: """,Female,"""}), ",,,Cork North-West,Fine Gael,,
"(:Candidate{name:""",Michael ,Collins,""", Gender: """,Male,"""}), ",,,Cork South-West,Independent,,
"(:Candidate{name:""",Joan,Collins,""", Gender: """,Female,"""}), ",,,Dublin South-Central,Independents 4 Change,,
"(:Candidate{name:""",Niall,Collins,""", Gender: """,Male,"""}), ",,,Limerick County,Fianna FÃ¡il,,
"(:Candidate{name:""",Seáin,Conlan,""", Gender: """,Male,"""}), ",,,Cavan-Monaghan,Independent,,
"(:Candidate{name:""",Paul,Connaughton ,""", Gender: """,Male,"""}), ",,,Galway East,Fine Gael,,
"(:Candidate{name:""",Thomasina,Connell,""", Gender: """,Female,"""}), ",,,Laois,Fine Gael,,
"(:Candidate{name:""",John,Connolly,""", Gender: """,Male,"""}), ",,,Galway West,Fianna FÃ¡il,,
"(:Candidate{name:""",Catherine,Connolly,""", Gender: """,Female,"""}), ",,,Galway West,Independent,,
"(:Candidate{name:""",Anthony,Connor,""", Gender: """,Male,"""}), ",,,Louth,Direct Democracy Ireland,,
"(:Candidate{name:""",Caroline,Conroy,""", Gender: """,Female,"""}), ",,,Dublin North-West,Green Party,,
"(:Candidate{name:""",Eddie,Conroy,""", Gender: """,Male,"""}), ",,,Roscommon-Galway,People Before Profit Alliance,,
"(:Candidate{name:""",Ciara,Conway,""", Gender: """,Female,"""}), ",,,Waterford,Labour Party,,
"(:Candidate{name:""",Rose ,Conway-Walsh,""", Gender: """,Female,"""}), ",,,Mayo,Sinn Féin,,
"(:Candidate{name:""",Noel,Coonan,""", Gender: """,Male,"""}), ",,,Tipperary,Fine Gael,,
"(:Candidate{name:""",Donna,Cooney,""", Gender: """,Female,"""}), ",,,Dublin Bay North,Green Party,,
"(:Candidate{name:""",Ruth,Coppinger,""", Gender: """,Female,"""}), ",,,Dublin West,People Before Profit Alliance,,
"(:Candidate{name:""",Donal ,Corcoran,""", Gender: """,Male,"""}), ",,,Kerry,Renua,,
"(:Candidate{name:""",Marcella,Corcoran-Kennedy,""", Gender: """,Female,"""}), ",,,Offaly,Fine Gael,,
"(:Candidate{name:""",Alexander,Cosgrave,""", Gender: """,Male,"""}), ",,,Limerick County,Green Party,,
"(:Candidate{name:""",Joe,Costello,""", Gender: """,Male,"""}), ",,,Dublin Central,Labour Party,,
"(:Candidate{name:""",Simon,Coveney ,""", Gender: """,Male,"""}), ",,,Cork South-Central ,Fine Gael,,
"(:Candidate{name:""",Barry ,Cowen,""", Gender: """,Male,"""}), ",,,Offaly,Fianna FÃ¡il,,
"(:Candidate{name:""",Jerry,Cowley,""", Gender: """,Male,"""}), ",,,Mayo,Independent,,
"(:Candidate{name:""",Liam ,Coyne,""", Gender: """,Male,"""}), ",,,Dublin South-Central,Social Democrats,,
"(:Candidate{name:""",Michael,Creed,""", Gender: """,Male,"""}), ",,,Cork North-West,Fine Gael,,
"(:Candidate{name:""",Lucinda,Creighton ,""", Gender: """,Female,"""}), ",,,Dublin Bay South,Renua,,
"(:Candidate{name:""",Frank,Cronin,""", Gender: """,Male,"""}), ",,,DÃºn Laoghaire,Renua,Social Democrats,
"(:Candidate{name:""",Reada,Cronin,""", Gender: """,Female,"""}), ",,,Kildare North,Sinn Féin,,
"(:Candidate{name:""",Avril,Cronin,""", Gender: """,Female,"""}), ",,,Wicklow,Fine Gael,,
"(:Candidate{name:""",Sean,Crowe,""", Gender: """,Male,"""}), ",,,Dublin South-West,Sinn Féin,,
"(:Candidate{name:""",Declen,Crowe,""", Gender: """,Male,"""}), ",,,Kildare South,Independent,,
"(:Candidate{name:""",Mike ,Cubbard,""", Gender: """,Male,"""}), ",,,Galway West,Independent,,
"(:Candidate{name:""",Jennifer,Cuffe,""", Gender: """,Female,"""}), ",,,Wicklow,Fianna FÃ¡il,,
"(:Candidate{name:""",David,Cullinane,""", Gender: """,Male,"""}), ",,,Waterford,Sinn Féin,,
"(:Candidate{name:""",John ,Curran,""", Gender: """,Male,"""}), ",,,Dublin Mid-West,Fianna FÃ¡il,,
"(:Candidate{name:""",Shane,Curran,""", Gender: """,Male,"""}), ",,,Roscommon-Galway,Fianna FÃ¡il,,
"(:Candidate{name:""",Ken,Curtin,""", Gender: """,Male,"""}), ",,,,Cork East,,
"(:Candidate{name:""",Jim,Daly,""", Gender: """,Male,"""}), ",,,Cork South-West,Fine Gael,,
"(:Candidate{name:""",Clare,Daly,""", Gender: """,Female,"""}), ",,,Dublin Fingal,Independents 4 Change,,
"(:Candidate{name:""",Michael,D'Arcy,""", Gender: """,Male,"""}), ",,,Wexford,Fine Gael,,
"(:Candidate{name:""",Nicola ,Daveron,""", Gender: """,Female,"""}), ",,,Galway West,Renua,,
"(:Candidate{name:""",Marcus,De Brun,""", Gender: """,Male,"""}), ",,,Dublin Fingal,Independent,,
"(:Candidate{name:""",Mark,Dearey ,""", Gender: """,Male,"""}), ",,,Louth,Green Party,,
"(:Candidate{name:""",John,Deasy,""", Gender: """,Male,"""}), ",,,Waterford,Fine Gael,,
"(:Candidate{name:""",Jimmy ,Deenihan,""", Gender: """,Male,"""}), ",,,Kerry,Fine Gael,,
"(:Candidate{name:""",Pat,Deering,""", Gender: """,Male,"""}), ",,,Carlow-Kilkenny,Fine Gael,,
"(:Candidate{name:""",Nigel,Dennehy,""", Gender: """,Male,"""}), ",,,Cork North-West,Sinn Féin,,
"(:Candidate{name:""",Anne-Marie,Dermody,""", Gender: """,Female,"""}), ",,,Dublin South-West,Fine Gael,,
"(:Candidate{name:""",Alan,Deveron,""", Gender: """,Male,"""}), ",,,Dublin Rathdown,Renua,,
"(:Candidate{name:""",Máire,Devine,""", Gender: """,Female,"""}), ",,,Dublin South-Central,Sinn Féin,,
"(:Candidate{name:""",Cormac,Devlin,""", Gender: """,Male,"""}), ",,,DÃºn Laoghaire,Fianna FÃ¡il,,
"(:Candidate{name:""",Jimmy,Dignam,""", Gender: """,Male,"""}), ",,,Dublin North-West,The Workers' Party,,
"(:Candidate{name:""",Michael,Dillon,""", Gender: """,Male,"""}), ",,,Tipperary,Independent,,
"(:Candidate{name:""",Pearse,Doherty,""", Gender: """,Male,"""}), ",,,Donegal,Sinn Féin,,
"(:Candidate{name:""",Gary ,Doherty ,""", Gender: """,Male,"""}), ",,,Donegal,Sinn Féin,,
"(:Candidate{name:""",Regina,Doherty ,""", Gender: """,Female,"""}), ",,,Meath East,Fine Gael,,
"(:Candidate{name:""",Stephen,Donnelly,""", Gender: """,Male,"""}), ",,,Wicklow,Social Democrats,,
"(:Candidate{name:""",Paul ,Donnelly ,""", Gender: """,Male,"""}), ",,,Dublin West,Sinn Féin,,
"(:Candidate{name:""",Paschal ,Donohoe,""", Gender: """,Male,"""}), ",,,Dublin Central,Fine Gael,,
"(:Candidate{name:""",Timmy,Dooley,""", Gender: """,Male,"""}), ",,,Clare,Fianna FÃ¡il,,
"(:Candidate{name:""",Andrew,Doyle,""", Gender: """,Male,"""}), ",,,Wicklow,Fine Gael,,
"(:Candidate{name:""",Anna,Doyle,""", Gender: """,Female,"""}), ",,,Wicklow,People Before Profit Alliance,,
"(:Candidate{name:""",Mick,Duff,""", Gender: """,Male,"""}), ",,,Dublin South-West,Labour Party,Galway East,Independent
"(:Candidate{name:""",Francis Noel,Duffy,""", Gender: """,Male,"""}), ",,,Dublin South-West,Green Party,,
"(:Candidate{name:""",Gerard,Dunne,""", Gender: """,Male,"""}), ",,,Kildare North,Independent,,
"(:Candidate{name:""",Una,Dunphy,""", Gender: """,Female,"""}), ",,,Waterford,People Before Profit Alliance,,
"(:Candidate{name:""",Mike,Durkan,""", Gender: """,Male,"""}), ",,,Cavan-Monaghan,Fianna FÃ¡il,,
"(:Candidate{name:""",Bernard,Durkan,""", Gender: """,Male,"""}), ",,,Kildare North,Fine Gael,,
"(:Candidate{name:""",John,Dwyer,""", Gender: """,Male,"""}), ",,,Wexford,Independent,,
"(:Candidate{name:""",Dessie,Ellis,""", Gender: """,Male,"""}), ",,,Dublin North-West,Sinn Féin,,
"(:Candidate{name:""",Damien,English,""", Gender: """,Male,"""}), ",,,Meath West,Fine Gael,,
"(:Candidate{name:""",Brian,Fagan,""", Gender: """,Male,"""}), ",,,Longford-Westmeath,Independent,,
"(:Candidate{name:""",Michael,Fahy,""", Gender: """,Male,"""}),",,,,,,
"(:Candidate{name:""",Thomas Declen,Fallon,""", Gender: """,Male,"""}), ",,,Roscommon-Galway,Independent,,
"(:Candidate{name:""",Alan ,Farrell,""", Gender: """,Male,"""}), ",,,Dublin Fingal,Fine Gael,,
"(:Candidate{name:""",Anne ,Farrell,""", Gender: """,Female,"""}), ",,,Roscommon-Galway,Renua,,
"(:Candidate{name:""",Michael,Farrington,""", Gender: """,Male,"""}), ",,,Mayo,Renua,,
"(:Candidate{name:""",Sandra,Fay,""", Gender: """,Female,"""}), ",,,Dublin South-West,People Before Profit Alliance,,
"(:Candidate{name:""",Patrick ,Feeney,""", Gender: """,Male,"""}), ",,,Galway West,Independent,,
"(:Candidate{name:""",Martin ,Ferris,""", Gender: """,Male,"""}), ",,,Kerry,Sinn Féin,,
"(:Candidate{name:""",Anne ,Ferris,""", Gender: """,Female,"""}), ",,,Wicklow,Labour Party,,
"(:Candidate{name:""",Christopher,Fettes,""", Gender: """,Male,"""}), ",,,Offaly,Green Party,,
"(:Candidate{name:""",Finbarr ,Filan,""", Gender: """,Male,"""}), ",,,Sligoâ€“Leitrim,Renua,,
"(:Candidate{name:""",Mick,Finn,""", Gender: """,Male,"""}), ",,,Cork South-Central ,Independent,,
"(:Candidate{name:""",Brian,Finucane,""", Gender: """,Male,"""}), ",,,Kerry,People Before Profit Alliance,,
"(:Candidate{name:""",David,Fitzgerald,""", Gender: """,Male,"""}), ",,,Carlow-Kilkenny,Fine Gael,,
"(:Candidate{name:""",Jason,Fitzgerald,""", Gender: """,Male,"""}), ",,,Cork North-West,Renua,,
"(:Candidate{name:""",Frances ,Fitzgerald,""", Gender: """,Female,"""}), ",,,Dublin Mid-West,Fine Gael,,
"(:Candidate{name:""",Michael,Fitzgerald,""", Gender: """,Male,"""}), ",,,Kerry,Green Party,,
"(:Candidate{name:""",Shane,Fitzgerald,""", Gender: """,Male,"""}), ",,,Kildare North,Renua,,
"(:Candidate{name:""",Mary ,Fitzgibbon,""", Gender: """,Female,"""}), ",,,Kerry,Independent,,
"(:Candidate{name:""",Gearóid,Fitzgibbon,""", Gender: """,Male,"""}), ",,,Tipperary,Green Party,,
"(:Candidate{name:""",Michael ,Fitzmaurice,""", Gender: """,Male,"""}), ",,,Roscommon-Galway,Independent,,
"(:Candidate{name:""",Mary,Fitzpatrick,""", Gender: """,Female,"""}), ",,,Dublin Central,Fianna FÃ¡il,,
"(:Candidate{name:""",Peter,Fitzpatrick,""", Gender: """,Male,"""}), ",,,Dublin South-West,Independent,,
"(:Candidate{name:""",Peter,Fitzpatrick,""", Gender: """,Male,"""}), ",,,Louth,Fine Gael,,
"(:Candidate{name:""",Eddie ,Fitzpatrick,""", Gender: """,Male,"""}), ",,,Offaly,Fianna FÃ¡il,,
"(:Candidate{name:""",Paula ,Flanagan,""", Gender: """,Female,"""}), ",,,Donegal,Green Party,,
"(:Candidate{name:""",Terence,Flanagan,""", Gender: """,Male,"""}), ",,,Dublin Bay North,Renua,,
"(:Candidate{name:""",Charlie,Flanagan,""", Gender: """,Male,"""}), ",,,Laois,Fine Gael,,
"(:Candidate{name:""",Sean,Fleming,""", Gender: """,Male,"""}), ",,,Laois,Fianna FÃ¡il,,
"(:Candidate{name:""",Mannix,Flynn,""", Gender: """,Male,"""}), ",,,Dublin Bay South,Independent,,
"(:Candidate{name:""",John,Foley,""", Gender: """,Male,"""}), ",,,Offaly,Independent,,
"(:Candidate{name:""",Sean,Forkan,""", Gender: """,Male,"""}), ",,,Mayo,Independent,,
"(:Candidate{name:""",Caroline,Foxe,""", Gender: """,Female,"""}), ",,,Wexford,Independent,,
"(:Candidate{name:""",Roslyn,Fuller,""", Gender: """,Female,"""}), ",,,Dublin Fingal,Independent,,
"(:Candidate{name:""",Kathleen ,Funchion,""", Gender: """,Female,"""}), ",,,Carlow-Kilkenny,Sinn Féin,,
"(:Candidate{name:""",James,Gaffney,""", Gender: """,Male,"""}), ",,,Limerick City,Green Party,,
"(:Candidate{name:""",Pat,Gallagher,""", Gender: """,Male,"""}), ",,,Donegal,Fianna FÃ¡il,,
"(:Candidate{name:""",Nigel,Gallagher,""", Gender: """,Male,"""}), ",,,Sligoâ€“Leitrim,People Before Profit Alliance,,
"(:Candidate{name:""",Gary,Gannon,""", Gender: """,Male,"""}), ",,,Dublin Central,Social Democrats,,
"(:Candidate{name:""",Michael ,Gargan,""", Gender: """,Male,"""}), ",,,Dublin South-Central,Renua,,
"(:Candidate{name:""",Henry,Gaynor,""", Gender: """,Male,"""}), ",,,Kerry,Independent,,
"(:Candidate{name:""",Connie,Gerety-Quinn,""", Gender: """,Female,"""}), ",,,Longford-Westmeath,Fianna FÃ¡il,,
"(:Candidate{name:""",Jacqui,Gilbourne,""", Gender: """,Male,"""}), ",,,Dublin Central,Renua,,
"(:Candidate{name:""",Keith,Gilligan,""", Gender: """,Male,"""}), ",,,Carlow-Kilkenny,Independent,,
"(:Candidate{name:""",Ben ,Gilroy,""", Gender: """,Male,"""}), ",,,Meath East,Direct Democracy Ireland,,
"(:Candidate{name:""",Paul,Gogarty,""", Gender: """,Male,"""}), ",,,Dublin Mid-West,Independent,,
"(:Candidate{name:""",Trevor,Golden,""", Gender: """,Male,"""}), ",,,Meath West,Independent,,
"(:Candidate{name:""",William,Gorman,""", Gender: """,Male,"""}), ",,,Dublin Bay South,Independent,,
"(:Candidate{name:""",William,Gorman,""", Gender: """,Male,"""}), ",,,Dublin Central,Independent,,
"(:Candidate{name:""",Thomas,Gould,""", Gender: """,Male,"""}), ",,,Cork North-Central,Sinn Féin,,
"(:Candidate{name:""",Noel,Grealish,""", Gender: """,Male,"""}), ",,,Galway West,Independent,,
"(:Candidate{name:""",Pat,Greene,""", Gender: """,Male,"""}), ",,,Louth,Direct Democracy Ireland,,
"(:Candidate{name:""",Shirley,Griffin,""", Gender: """,Female,"""}), ",,,Cork North-West,Independent,,
"(:Candidate{name:""",Brendan ,Griffin ,""", Gender: """,Male,"""}), ",,,Kerry,Fine Gael,,
"(:Candidate{name:""",Des,Guckian,""", Gender: """,Male,"""}), ",,,Sligoâ€“Leitrim,Independent,,
"(:Candidate{name:""",Jimmy,Guerin,""", Gender: """,Male,"""}), ",,,Dublin Bay North,Independent,,
"(:Candidate{name:""",Andre,Hakizimana,""", Gender: """,Male,"""}), ",,,Clare,Independent,,
"(:Candidate{name:""",John,Halligan,""", Gender: """,Male,"""}), ",,,Waterford,Independent,,
"(:Candidate{name:""",Mary,Hanafin,""", Gender: """,Female,"""}), ",,,DÃºn Laoghaire,Fianna FÃ¡il,,
"(:Candidate{name:""",Paul,Hand,""", Gender: """,Male,"""}), ",,,Dublin South-Central,Independent,,
"(:Candidate{name:""",Dominic ,Hannigan,""", Gender: """,Male,"""}), ",,,Meath East,Labour Party,,
"(:Candidate{name:""",Joe,Hannigan ,""", Gender: """,Male,"""}), ",,,Offaly,Independent,,
"(:Candidate{name:""",Noel,Harrington,""", Gender: """,Male,"""}), ",,,Cork South-West,Fine Gael,,
"(:Candidate{name:""",Joe,Harris,""", Gender: """,Male,"""}), ",,,Cork South-Central ,Independent,,
"(:Candidate{name:""",Simon,Harris,""", Gender: """,Male,"""}), ",,,Wicklow,Fine Gael,,
"(:Candidate{name:""",Paddy,Harte,""", Gender: """,Male,"""}), ",,,Donegal,Fine Gael,,
"(:Candidate{name:""",Michael,Harty,""", Gender: """,Male,"""}), ",,,Clare,Independent,,
"(:Candidate{name:""",Natasha ,Harty,""", Gender: """,Female,"""}), ",,,Cork East,Green Party,,
"(:Candidate{name:""",Sean,Haughey,""", Gender: """,Male,"""}), ",,,Dublin Bay North,Fianna FÃ¡il,,
"(:Candidate{name:""",Desmond,Hayes,""", Gender: """,Male,"""}), ",,,Limerick City,Independent,,
"(:Candidate{name:""",Tom ,Hayes,""", Gender: """,Male,"""}), ",,,Tipperary,Fine Gael,,
"(:Candidate{name:""",Christopher,Healy,""", Gender: """,Male,"""}), ",,,Dublin Mid-West,Direct Democracy Ireland,,
"(:Candidate{name:""",Stephanie,Healy,""", Gender: """,Female,"""}), ",,,Longford-Westmeath,Direct Democracy Ireland,,
"(:Candidate{name:""",Seamus,Healy,""", Gender: """,Male,"""}), ",,,Tipperary,Independent,,
"(:Candidate{name:""",Michael ,Healy Rae,""", Gender: """,Male,"""}), ",,,Kerry,Independent,,
"(:Candidate{name:""",Fidelma,Healy-Eames,""", Gender: """,Female,"""}), ",,,Galway West,Independent,,
"(:Candidate{name:""",Danny,Healy-Rae,""", Gender: """,Male,"""}), ",,,Kerry,Independent,,
"(:Candidate{name:""",Theresa,Heaney,""", Gender: """,Female,"""}), ",,,Cork South-West,Catholic Democrats,,
"(:Candidate{name:""",James,Heffernan ,""", Gender: """,Male,"""}), ",,,Limerick County,Social Democrats,,
"(:Candidate{name:""",Deirdre,Heney,""", Gender: """,Female,"""}), ",,,Dublin Bay North,Fianna FÃ¡il,,
"(:Candidate{name:""",Sarah Jane ,Hennelly ,""", Gender: """,Female,"""}), ",,,Limerick City,Social Democrats,,
"(:Candidate{name:""",Lorraine ,Hennessy,""", Gender: """,Female,"""}), ",,,Dublin Mid-West,The Workers' Party,,
"(:Candidate{name:""",Miriam,Hennesy,""", Gender: """,Female,"""}), ",,,Roscommon-Galway,Green Party,,
"(:Candidate{name:""",Martin,Heydon,""", Gender: """,Male,"""}), ",,,Kildare South,Fine Gael,,
"(:Candidate{name:""",Lorraine ,Higgins,""", Gender: """,Female,"""}), ",,,Galway East,Labour Party,,
"(:Candidate{name:""",Mary ,Hoade,""", Gender: """,Female,"""}), ",,,Galway West,Fianna FÃ¡il,,
"(:Candidate{name:""",Paul,Hogan,""", Gender: """,Male,"""}), ",,,Longford-Westmeath,Sinn Féin,,
"(:Candidate{name:""",Julie,Hogan,""", Gender: """,Female,"""}), ",,,Wexford,Fine Gael,,
"(:Candidate{name:""",Sarah ,Holland,""", Gender: """,Female,"""}), ",,,Dublin South-West,Sinn Féin,,
"(:Candidate{name:""",Tommy,Holohan,""", Gender: """,Male,"""}), ",,,Galway West,People Before Profit Alliance,,
"(:Candidate{name:""",Maura ,Hopkins,""", Gender: """,Female,"""}), ",,,Roscommon-Galway,Fine Gael,,
"(:Candidate{name:""",Elizabeth,Hourihane,""", Gender: """,Female,"""}), ",,,Cork South-Central ,Independent,,
"(:Candidate{name:""",Mary,Howard,""", Gender: """,Female,"""}), ",,,Clare,Fine Gael,,
"(:Candidate{name:""",Brendan,Howlin,""", Gender: """,Male,"""}), ",,,Wexford,Labour Party,Labour Party,
"(:Candidate{name:""",Bernie ,Hughes,""", Gender: """,Female,"""}), ",,,Dublin North-West,Independent,,
"(:Candidate{name:""",Kevin,Humphreys,""", Gender: """,Male,"""}), ",,,Dublin Bay South,Labour Party,,
"(:Candidate{name:""",Heather,Humphries,""", Gender: """,Female,"""}), ",,,Cavan-Monaghan,Fine Gael,,
"(:Candidate{name:""",Carol,Hunt,""", Gender: """,Female,"""}), ",,,DÃºn Laoghaire,Independent,,
"(:Candidate{name:""",Katrina,Hutchinson,""", Gender: """,Female,"""}), ",,,Wicklow,Direct Democracy Ireland,,
"(:Candidate{name:""",Tim,Jackson,""", Gender: """,Male,"""}), ",,,Donegal,Independent,,
"(:Candidate{name:""",Donal ,Jackson,""", Gender: """,Male,"""}), ",,,Longford-Westmeath,Independent,,
"(:Candidate{name:""",Peter,Jordan,""", Gender: """,Male,"""}), ",,,Mayo,Independent,,
"(:Candidate{name:""",Bob,Kearns,""", Gender: """,Male,"""}), ",,,Wicklow,Independent,,
"(:Candidate{name:""",Pamela ,Kearns,""", Gender: """,Female,"""}), ",,,,Dublin South-West,,
"(:Candidate{name:""",Derek,Keating,""", Gender: """,Male,"""}), ",,,Dublin Mid-West,Fine Gael,,
"(:Candidate{name:""",Colm,Keaveney,""", Gender: """,Male,"""}), ",,,Galway East,Fianna FÃ¡il,,
"(:Candidate{name:""",Charlie,Keddy,""", Gender: """,Male,"""}), ",,,Wicklow,Independent,,
"(:Candidate{name:""",Andrew ,Keegan,""", Gender: """,Male,"""}), ",,,Dublin North-West,People Before Profit Alliance,,
"(:Candidate{name:""",Paul,Kehoe,""", Gender: """,Male,"""}), ",,,Wexford,Fine Gael,,
"(:Candidate{name:""",John Dominic,Keigher,""", Gender: """,Male,"""}), ",,,Dublin Bay South,Independent,,
"(:Candidate{name:""",Billy,Kelleher,""", Gender: """,Male,"""}), ",,,Cork North-Central,Fianna FÃ¡il,,
"(:Candidate{name:""",Terry ,Kelleher,""", Gender: """,Male,"""}), ",,,Dublin Fingal,People Before Profit Alliance,,
"(:Candidate{name:""",John,Kelly,""", Gender: """,Male,"""}), ",,,Roscommon-Galway,Labour Party,,
"(:Candidate{name:""",Alan,Kelly,""", Gender: """,Male,"""}), ",,,Tipperary,Labour Party,,
"(:Candidate{name:""",Leonard,Kelly,""", Gender: """,Male,"""}), ",,,Wexford,Social Democrats,,
"(:Candidate{name:""",Ciaran,Kenneally,""", Gender: """,Male,"""}), ",,,Cork South-Central ,Renua,,
"(:Candidate{name:""",Niamh,Kennedy,""", Gender: """,Female,"""}), ",,,Donegal,Independent,,
"(:Candidate{name:""",Mary,Kennedy,""", Gender: """,Female,"""}), ",,,Kildare South,Renua,,
"(:Candidate{name:""",Gino,Kenny,""", Gender: """,Male,"""}), ",,,Dublin Mid-West,People Before Profit Alliance,,
"(:Candidate{name:""",Enda,Kenny,""", Gender: """,Male,"""}), ",,,Mayo,Fine Gael,,
"(:Candidate{name:""",Martin,Kenny,""", Gender: """,Male,"""}), ",,,Sligoâ€“Leitrim,Sinn Féin,,
"(:Candidate{name:""",Sharon ,Keogan,""", Gender: """,Female,"""}), ",,,Meath East,Independent,,
"(:Candidate{name:""",Mark ,Keogh,""", Gender: """,Male,"""}), ",,,Limerick County,Direct Democracy Ireland,,
"(:Candidate{name:""",Ger,Keohane,""", Gender: """,Male,"""}), ",,,Cork North-Central,Independent,,
"(:Candidate{name:""",Claire ,Kerrane,""", Gender: """,Female,"""}), ",,,Roscommon-Galway,Sinn Féin,,
"(:Candidate{name:""",Guinan,Kerry,""", Gender: """,Male,"""}), ",,,Dublin Central,Independent,,
"(:Candidate{name:""",Haroon,Khan,""", Gender: """,Male,"""}), ",,,Dublin Mid-West,Independent,,
"(:Candidate{name:""",Thomas,Kiely,""", Gender: """,Male,"""}), ",,,Cork North-Central,Independent,,
"(:Candidate{name:""",Tom,Kivlehan,""", Gender: """,Male,"""}), ",,,Dublin Mid-West,Green Party,,
"(:Candidate{name:""",Seáin,Kyne,""", Gender: """,Male,"""}), ",,,Galway West,Fine Gael,,
"(:Candidate{name:""",John,Lahart,""", Gender: """,Male,"""}), ",,,Dublin South-West,Fianna FÃ¡il,,
"(:Candidate{name:""",Alan ,Lawes,""", Gender: """,Male,"""}), ",,,Meath West,Direct Democracy Ireland,,
"(:Candidate{name:""",James ,Lawless,""", Gender: """,Male,"""}), ",,,Kildare North,Fianna FÃ¡il,,
"(:Candidate{name:""",Anthony,Lawlor,""", Gender: """,Male,"""}), ",,,Kildare North,Fine Gael,,
"(:Candidate{name:""",Rose,Leadbetter ,""", Gender: """,Female,"""}), ",,,,Independent,,
"(:Candidate{name:""",John,Leahy,""", Gender: """,Male,"""}), ",,,Offaly,Renua,,
"(:Candidate{name:""",Clare,Leonard,""", Gender: """,Male,"""}), ",,,Dublin Mid-West,Independent,,
"(:Candidate{name:""",Ciara,Leonardi Roche,""", Gender: """,Female,"""}), ",,,Cork East,People Before Profit Alliance,,
"(:Candidate{name:""",Mary,Linehan Foley,""", Gender: """,Female,"""}), ",,,Cork East,Independent,,
"(:Candidate{name:""",David,Lloyd,""", Gender: """,Male,"""}), ",,,Wexford,Direct Democracy Ireland,,
"(:Candidate{name:""",Michael,Lowry,""", Gender: """,Male,"""}), ",,,Tipperary,Independent,,
"(:Candidate{name:""",Ian,Lynch,""", Gender: """,Male,"""}), ",,,Clare,Independent,,
"(:Candidate{name:""",Kathleen,Lynch,""", Gender: """,Female,"""}), ",,,Cork North-Central,Labour Party,,
"(:Candidate{name:""",Ciaran ,Lynch,""", Gender: """,Male,"""}), ",,,Cork South-Central ,Labour Party,,
"(:Candidate{name:""",Glenna ,Lynch,""", Gender: """,Female,"""}), ",,,Dublin Bay South,Social Democrats,,
"(:Candidate{name:""",John,Lyons,""", Gender: """,Male,"""}), ",,,Dublin Bay North,People Before Profit Alliance,,
"(:Candidate{name:""",John,Lyons,""", Gender: """,Male,"""}), ",,,Dublin North-West,Labour Party,,
"(:Candidate{name:""",Micheál,Mac Donncha,""", Gender: """,Male,"""}), ",,,Dublin Bay North,Sinn Féin,,
"(:Candidate{name:""",Conor,Mac Liam,""", Gender: """,Male,"""}), ",,,Carlow-Kilkenny,People Before Profit Alliance,,
"(:Candidate{name:""",Cormac,MacKay,""", Gender: """,Male,"""}), ",,,Dublin North-West,Direct Democracy Ireland,,
"(:Candidate{name:""",Padraig,MacLochlainn,""", Gender: """,Male,"""}), ",,,Donegal,Sinn Féin,,
"(:Candidate{name:""",Chris,MacManus,""", Gender: """,Male,"""}), ",,,Sligoâ€“Leitrim,Sinn Féin,,
"(:Candidate{name:""",Marc,MacSharry,""", Gender: """,Male,"""}), ",,,Sligoâ€“Leitrim,Fianna FÃ¡il,,
"(:Candidate{name:""",Alan,MacStiofain,""", Gender: """,Male,"""}), ",,,Dublin Bay South,Independent,,
"(:Candidate{name:""",Josepha,Madigan,""", Gender: """,Female,"""}), ",,,Dublin Rathdown,Fine Gael,,
"(:Candidate{name:""",Manchá¡n ,Magan,""", Gender: """,Male,"""}), ",,,Longford-Westmeath,Green Party,,
"(:Candidate{name:""",John,Malone,""", Gender: """,Male,"""}), ",,,Meath West,Independent,,
"(:Candidate{name:""",Eamonn,Maloney,""", Gender: """,Male,"""}), ",,,Dublin South-West,Independent,,
"(:Candidate{name:""",Paddy,Manning,""", Gender: """,Male,"""}), ",,,Carlow-Kilkenny,Independent,,
"(:Candidate{name:""",Cormac,Manning,""", Gender: """,Male,"""}), ",,,Cork North-West,Green Party,,
"(:Candidate{name:""",Stephen ,Manning,""", Gender: """,Male,"""}), ",,,Mayo,Independent,,
"(:Candidate{name:""",Micheál,Martin,""", Gender: """,Male,"""}), ",,,Cork South-Central ,Fianna FÃ¡il,,
"(:Candidate{name:""",Barry ,Martin,""", Gender: """,Male,"""}), ",,,Dublin Fingal,Independents 4 Change,,
"(:Candidate{name:""",Catherine,Martin,""", Gender: """,Female,"""}), ",,,Dublin Rathdown,Green Party,,
"(:Candidate{name:""",Peter ,Matthews,""", Gender: """,Male,"""}), ",,,Dublin Rathdown,Independent,,
"(:Candidate{name:""",Steven,Matthews,""", Gender: """,Male,"""}), ",,,Wicklow,Green Party,,
"(:Candidate{name:""",Paul,McAuliffe,""", Gender: """,Male,"""}), ",,,Dublin North-West,Fianna FÃ¡il,,
"(:Candidate{name:""",Frank,McBrearty,""", Gender: """,Male,"""}), ",,,Donegal,Independent,,
"(:Candidate{name:""",Noel,McCarthy,""", Gender: """,Male,"""}), ",,,Cork East,Fine Gael,,
"(:Candidate{name:""",Kieran,McCarthy,""", Gender: """,Male,"""}), ",,,Cork East,Independent,,
"(:Candidate{name:""",Michael,McCarthy,""", Gender: """,Male,"""}), ",,,Cork South-West,Labour Party,,
"(:Candidate{name:""",Rachel ,McCarthy,""", Gender: """,Female,"""}), ",,,Cork South-West,Sinn Féin,,
"(:Candidate{name:""",Charlie,McConalogue,""", Gender: """,Male,"""}), ",,,Donegal,Fianna FÃ¡il,,
"(:Candidate{name:""",Mick,McDermott,""", Gender: """,Male,"""}), ",,,Cavan-Monaghan,Direct Democracy Ireland,,
"(:Candidate{name:""",Michael ,McDonagh,""", Gender: """,Male,"""}), ",,,Clare,Fianna FÃ¡il,,
"(:Candidate{name:""",Seamus ,McDonagh,""", Gender: """,Male,"""}), ",,,Meath East,The Workers' Party,,
"(:Candidate{name:""",Mary Lou,McDonald,""", Gender: """,Female,"""}), ",,,Dublin Central,Sinn Féin,,
"(:Candidate{name:""",Tracy,McElhinney,""", Gender: """,Female,"""}), ",,,Meath West,Labour Party,,
"(:Candidate{name:""",Suzanne,McEneaney,""", Gender: """,Female,"""}), ",,,Kildare South,Green Party,,
"(:Candidate{name:""",Helen,McEntee,""", Gender: """,Female,"""}), ",,,Meath East,Fine Gael,,
"(:Candidate{name:""",Gabrielle,McFadden,""", Gender: """,Female,"""}), ",,,Longford-Westmeath,Fine Gael,,
"(:Candidate{name:""",Ian,McGarvey,""", Gender: """,Male,"""}), ",,,Donegal,Independent,,
"(:Candidate{name:""",Michael,McGrath,""", Gender: """,Male,"""}), ",,,Cork South-Central ,Fianna FÃ¡il,,
"(:Candidate{name:""",Finian,McGrath,""", Gender: """,Male,"""}), ",,,Dublin Bay North,Independent,,
"(:Candidate{name:""",Mattie,McGrath,""", Gender: """,Male,"""}), ",,,Tipperary,Independent,,
"(:Candidate{name:""",John,McGuinness,""", Gender: """,Male,"""}), ",,,Carlow-Kilkenny,Fianna FÃ¡il,,
"(:Candidate{name:""",David,McGuinness ,""", Gender: """,Male,"""}), ",,,Dublin West,Independent,,
"(:Candidate{name:""",Joe,McHugh,""", Gender: """,Male,"""}), ",,,Donegal,Fine Gael,,
"(:Candidate{name:""",Cormac,McKay,""", Gender: """,Male,"""}), ",,,Dublin Central,Independent,,
"(:Candidate{name:""",Patrick,McKee,""", Gender: """,Male,"""}), ",,,Carlow-Kilkenny,Renua,,
"(:Candidate{name:""",Noel,McKervey,""", Gender: """,Male,"""}), ",,,Longford-Westmeath,Catholic Democrats,,
"(:Candidate{name:""",Tony,McLoughlin,""", Gender: """,Male,"""}), ",,,Sligoâ€“Leitrim,Fine Gael,,
"(:Candidate{name:""",Fiona,McLoughlin-Healy,""", Gender: """,Female,"""}), ",,,Kildare South,Fine Gael,,
"(:Candidate{name:""",Ronan,McMahon,""", Gender: """,Male,"""}), ",,,Dublin South-West,Renua,,
"(:Candidate{name:""",Seamus,McMenamin,""", Gender: """,Male,"""}), ",,,Meath West,Green Party,,
"(:Candidate{name:""",Anne-Marie ,McNally,""", Gender: """,Female,"""}), ",,,Dublin Mid-West,Social Democrats,,
"(:Candidate{name:""",Michael ,McNamara,""", Gender: """,Male,"""}), ",,,Clare,Labour Party,,
"(:Candidate{name:""",Jimmy,Mee,""", Gender: """,Male,"""}), ",,,Cavan-Monaghan,Independent,,
"(:Candidate{name:""",Aengus,Melia,""", Gender: """,Male,"""}), ",,,Galway East,Direct Democracy Ireland,,
"(:Candidate{name:""",Ashling,Merriman,""", Gender: """,Female,"""}), ",,,Kildare North,People Before Profit Alliance,,
"(:Candidate{name:""",James,Miller,""", Gender: """,Male,"""}), ",,,Longford-Westmeath,Independent,,
"(:Candidate{name:""",Denise,Mitchell,""", Gender: """,Female,"""}), ",,,Dublin Bay North,Sinn Féin,,
"(:Candidate{name:""",Mary ,Mitchell-Oâ€™Connor ,""", Gender: """,Female,"""}), ",,,DÃºn Laoghaire,Fine Gael,,
"(:Candidate{name:""",Michael,Mohally,""", Gender: """,Male,"""}), ",,,Cork South-Central ,Independent,,
"(:Candidate{name:""",Gerry,Molloy,""", Gender: """,Male,"""}), ",,,Dublin Fingal,Renua,,
"(:Candidate{name:""",Emmet,Moloney,""", Gender: """,Male,"""}), ",,,Wexford,Independent,,
"(:Candidate{name:""",Michael ,Mooney,""", Gender: """,Male,"""}), ",,,Donegal,Independent,,
"(:Candidate{name:""",Annette,Mooney,""", Gender: """,Female,"""}), ",,,Dublin Bay South,People Before Profit Alliance,,
"(:Candidate{name:""",Sinead,Moore,""", Gender: """,Female,"""}), ",,,Laois,Green Party,,
"(:Candidate{name:""",Noeleen,Moran,""", Gender: """,Female,"""}), ",,,Clare,Sinn Féin,,
"(:Candidate{name:""",Oliver ,Moran,""", Gender: """,Male,"""}), ",,,Cork North-Central,Green Party,,
"(:Candidate{name:""",Kevin,Moran,""", Gender: """,Male,"""}), ",,,Longford-Westmeath,Independent,,
"(:Candidate{name:""",Mary,Moran,""", Gender: """,Female,"""}), ",,,Louth,Labour Party,,
"(:Candidate{name:""",Tom,Moran,""", Gender: """,Male,"""}), ",,,Mayo,People Before Profit Alliance,,
"(:Candidate{name:""",James,Morgan,""", Gender: """,Male,"""}), ",,,Longford-Westmeath,Independent,,
"(:Candidate{name:""",Norma,Moriarty,""", Gender: """,Female,"""}), ",,,Kerry,Fianna FÃ¡il,,
"(:Candidate{name:""",Seamus,Morris,""", Gender: """,Male,"""}), ",,,Tipperary,Sinn Féin,,
"(:Candidate{name:""",Michael,Moynihan,""", Gender: """,Male,"""}), ",,,Cork North-West,Fianna FÃ¡il,,
"(:Candidate{name:""",Aindrias ,Moynihan ,""", Gender: """,Male,"""}), ",,,Cork North-West,Fianna FÃ¡il,,
"(:Candidate{name:""",Michelle,Mulherin,""", Gender: """,Female,"""}), ",,,Mayo,Fine Gael,,
"(:Candidate{name:""",Dermot ,Mulqueen,""", Gender: """,Male,"""}), ",,,Clare,Independent,,
"(:Candidate{name:""",Imelda,Munster,""", Gender: """,Female,"""}), ",,,Louth,Sinn Féin,,
"(:Candidate{name:""",Jennifer,Murnane Oâ€™Connor,""", Gender: """,Female,"""}), ",,,Carlow-Kilkenny,Fianna FÃ¡il,,
"(:Candidate{name:""",Dara,Murphy,""", Gender: """,Male,"""}), ",,,Cork North-Central,Fine Gael,,
"(:Candidate{name:""",Mick,Murphy,""", Gender: """,Male,"""}), ",,,Cork North-Central,Independent,,
"(:Candidate{name:""",Eoghan ,Murphy,""", Gender: """,Male,"""}), ",,,Dublin Bay South,Fine Gael,,
"(:Candidate{name:""",Paul ,Murphy,""", Gender: """,Male,"""}), ",,,Dublin South-West,People Before Profit Alliance,,
"(:Candidate{name:""",Kevin ,Murphy,""", Gender: """,Male,"""}), ",,,Kerry,Independent,,
"(:Candidate{name:""",Catherine,Murphy,""", Gender: """,Female,"""}), ",,,Kildare North,Social Democrats,,
"(:Candidate{name:""",Eugene,Murphy,""", Gender: """,Male,"""}), ",,,Roscommon-Galway,Fianna FÃ¡il,,
"(:Candidate{name:""",Marie ,Murphy,""", Gender: """,Female,"""}), ",,,Tipperary,Fine Gael,,
"(:Candidate{name:""",Tony,Murphy ,""", Gender: """,Male,"""}), ",,,Dublin Fingal,Independent,,
"(:Candidate{name:""",Margaret,Murphy Oâ€™Mahony,""", Gender: """,Female,"""}), ",,,Cork South-West,Fianna FÃ¡il,,
"(:Candidate{name:""",Richard,Murray,""", Gender: """,Male,"""}), ",,,Dublin South-Central,Independent,,
"(:Candidate{name:""",Eamon,Murray,""", Gender: """,Male,"""}), ",,,Sligoâ€“Leitrim,Independent,,
"(:Candidate{name:""",Johnny,Mythen,""", Gender: """,Male,"""}), ",,,Wexford,Sinn Féin,,
"(:Candidate{name:""",Mairéad,Ni Chroinin,""", Gender: """,Male,"""}), ",,,Galway East,Green Party,,
"(:Candidate{name:""",Maebh,NÃ­ FhallÃºin,""", Gender: """,Female,"""}), ",,,Kildare North,Green Party,,
"(:Candidate{name:""",Gerald ,Nash,""", Gender: """,Male,"""}), ",,,Louth,Labour Party,,
"(:Candidate{name:""",Hildegarde ,Naughten,""", Gender: """,Female,"""}), ",,,Galway West,Fine Gael,,
"(:Candidate{name:""",Denis,Naughten,""", Gender: """,Male,"""}), ",,,Roscommon-Galway,Independent,,
"(:Candidate{name:""",Tom,Neville,""", Gender: """,Male,"""}), ",,,Limerick County,Fine Gael,,
"(:Candidate{name:""",Sorcha ,Nic Cormaic,""", Gender: """,Female,"""}), ",,,Dublin Rathdown,Sinn Féin,,
"(:Candidate{name:""",Cordelia,Nic Fhearraigh,""", Gender: """,Female,"""}), ",,,Donegal,Fís Nua,,
"(:Candidate{name:""",Derek ,Nolan,""", Gender: """,Male,"""}), ",,,Galway West,Labour Party,,
"(:Candidate{name:""",Carol,Nolan,""", Gender: """,Female,"""}), ",,,Offaly,Sinn Féin,,
"(:Candidate{name:""",Malcolm ,Noonan,""", Gender: """,Male,"""}), ",,,Carlow-Kilkenny,Green Party,,
"(:Candidate{name:""",Michael ,Noonan,""", Gender: """,Male,"""}), ",,,Limerick City,Fine Gael,,
"(:Candidate{name:""",Catherine ,Noone,""", Gender: """,Female,"""}), ",,,Dublin West,Fine Gael,,
"(:Candidate{name:""",Ann,Norton,""", Gender: """,Female,"""}), ",,,Clare,Independent,,
"(:Candidate{name:""",Cian,Oâ€™Callaghan,""", Gender: """,Male,"""}), ",,,Dublin Bay North,Social Democrats,,
"(:Candidate{name:""",Trevor,Oâ€™Clochartaigh,""", Gender: """,Male,"""}), ",,,Galway West,Sinn Féin,,
"(:Candidate{name:""",Grace,Oâ€™Donnell,""", Gender: """,Female,"""}), ",,,Kerry,Fine Gael,,
"(:Candidate{name:""",Fergus,Oâ€™Dowd,""", Gender: """,Male,"""}), ",,,Louth,Fine Gael,,
"(:Candidate{name:""",Diarmuid ,Oâ€™Flynn,""", Gender: """,Male,"""}), ",,,Cork North-West,Independent,,
"(:Candidate{name:""",John ,Oâ€™Mahony,""", Gender: """,Male,"""}), ",,,Galway West,Fine Gael,,
"(:Candidate{name:""",Aisling ,Oâ€™Neill ,""", Gender: """,Female,"""}), ",,,Meath East,Social Democrats,,
"(:Candidate{name:""",Joe ,Oâ€™Reilly,""", Gender: """,Male,"""}), ",,,Cavan-Monaghan,Fine Gael,,
"(:Candidate{name:""",Gerry,O'Boyle,""", Gender: """,Male,"""}), ",,,Mayo,Independent,,
"(:Candidate{name:""",Niamh,O'Brien,""", Gender: """,Female,"""}), ",,,Clare,Fís Nua,,
"(:Candidate{name:""",Johnathan,O'Brien,""", Gender: """,Male,"""}), ",,,Cork North-Central,Sinn Féin,,
"(:Candidate{name:""",Michael,O'Brien,""", Gender: """,Male,"""}), ",,,Dublin Bay North,People Before Profit Alliance,,
"(:Candidate{name:""",Darragh,O'Brien,""", Gender: """,Male,"""}), ",,,Dublin Fingal,Fianna FÃ¡il,,
"(:Candidate{name:""",Joe,O'Brien,""", Gender: """,Male,"""}), ",,,Dublin Fingal,Green Party,,
"(:Candidate{name:""",Jo,O'Brien,""", Gender: """,Female,"""}), ",,,Dublin West,Renua,,
"(:Candidate{name:""",Emmett,O'Brien,""", Gender: """,Male,"""}), ",,,Limerick County,Independent,,
"(:Candidate{name:""",Shane,O'Brien ,""", Gender: """,Male,"""}), ",,,DÃºn Laoghaire,Sinn Féin,,
"(:Candidate{name:""",Jim,O'Callaghan,""", Gender: """,Male,"""}), ",,,Dublin Bay South,Fianna FÃ¡il,,
"(:Candidate{name:""",Aoife,O'Connell,""", Gender: """,Female,"""}), ",,,Cavan-Monaghan,Direct Democracy Ireland,,
"(:Candidate{name:""",Jim,O'Connell,""", Gender: """,Male,"""}), ",,,Cork South-Central ,People Before Profit Alliance,,
"(:Candidate{name:""",Kate,O'Connell,""", Gender: """,Female,"""}), ",,,Dublin Bay South,Fine Gael,,
"(:Candidate{name:""",Fergal,O'Connell,""", Gender: """,Male,"""}), ",,,Dublin Fingal,Independent,,
"(:Candidate{name:""",Eamon,O'Cuiv,""", Gender: """,Male,"""}), ",,,Galway West,Fianna FÃ¡il,,
"(:Candidate{name:""",Willie ,O'Dea,""", Gender: """,Male,"""}), ",,,Limerick City,Fianna FÃ¡il,,
"(:Candidate{name:""",Michael,O'Donnell,""", Gender: """,Male,"""}), ",,,Cork North-West,Communist Party of Ireland,,
"(:Candidate{name:""",Kieran,O'Donnell,""", Gender: """,Male,"""}), ",,,Limerick City,Fine Gael,,
"(:Candidate{name:""",Richard ,O'Donoghue,""", Gender: """,Male,"""}), ",,,Limerick County,Independent,,
"(:Candidate{name:""",Deirdre,O'Donovan,""", Gender: """,Female,"""}), ",,,Dublin South-West,Independent,,
"(:Candidate{name:""",Patrick,O'Donovan,""", Gender: """,Male,"""}), ",,,Limerick County,Fine Gael,,
"(:Candidate{name:""",Michael,O'Dowd,""", Gender: """,Male,"""}), ",,,Louth,Renua,,
"(:Candidate{name:""",Diana,O'Dwyer,""", Gender: """,Female,"""}), ",,,Dublin Central,People Before Profit Alliance,,
"(:Candidate{name:""",Sean,O'Fearghail,""", Gender: """,Male,"""}), ",,,Kildare South,Fianna FÃ¡il,,
"(:Candidate{name:""",Frank,O'Gorman,""", Gender: """,Male,"""}), ",,,Dublin South-West,Independent,,
"(:Candidate{name:""",Roderic ,O'Gorman,""", Gender: """,Male,"""}), ",,,Dublin West,Green Party,,
"(:Candidate{name:""",Michael ,O'Gorman,""", Gender: """,Male,"""}), ",,,Kerry,Independent,,
"(:Candidate{name:""",John,O'Gorman,""", Gender: """,Male,"""}), ",,,Limerick County,Independent,,
"(:Candidate{name:""",Bernie ,O'Hara,""", Gender: """,Female,"""}), ",,,Sligoâ€“Leitrim,Independent,,
"(:Candidate{name:""",Leslie,O'Hora,""", Gender: """,Male,"""}), ",,,Sligoâ€“Leitrim,Green Party,,
"(:Candidate{name:""",Kevin,O'Keefe,""", Gender: """,Male,"""}), ",,,Cork East,Fianna FÃ¡il,,
"(:Candidate{name:""",Susan,O'Keefe,""", Gender: """,Female,"""}), ",,,Sligoâ€“Leitrim,Labour Party,,
"(:Candidate{name:""",Julie,O'Leary,""", Gender: """,Female,"""}), ",,,Cork North-Central,Fine Gael,,
"(:Candidate{name:""",Paddy ,O'Leary,""", Gender: """,Male,"""}), ",,,Cork North-Central,Renua,,
"(:Candidate{name:""",Fiona ,O'Leary,""", Gender: """,Female,"""}), ",,,Cork South-West,Independent,,
"(:Candidate{name:""",Peter,O'Loughlin,""", Gender: """,Male,"""}), ",,,Cork North-Central,Independent,,
"(:Candidate{name:""",Fiona ,O'Loughlin,""", Gender: """,Female,"""}), ",,,Kildare South,Fianna FÃ¡il,,
"(:Candidate{name:""",Johnny,O'Mahony,""", Gender: """,Male,"""}), ",,,Cork South-West,Green Party,,
"(:Candidate{name:""",George,O'Malley,""", Gender: """,Male,"""}), ",,,Mayo,Independent,,
"(:Candidate{name:""",Damien,O'Neill,""", Gender: """,Male,"""}), ",,,Dublin Bay North,Independent,,
"(:Candidate{name:""",Ruairi,O'Neill,""", Gender: """,Male,"""}), ",,,Galway West,Direct Democracy Ireland,,
"(:Candidate{name:""",Louise ,O'Reilly,""", Gender: """,Female,"""}), ",,,Dublin Fingal,Sinn Féin,,
"(:Candidate{name:""",Steven ,O'Riordan,""", Gender: """,Male,"""}), ",,,Cork North-West,Independent,,
"(:Candidate{name:""",Frank,O'Rourke,""", Gender: """,Male,"""}), ",,,Kildare North,Fianna FÃ¡il,,
"(:Candidate{name:""",Darren,O'Rourke,""", Gender: """,Male,"""}), ",,,Meath East,Sinn Féin,,
"(:Candidate{name:""",Paddy,O'Rourke,""", Gender: """,Male,"""}), ",,,Sligoâ€“Leitrim,Fianna FÃ¡il,,
"(:Candidate{name:""",John Paul,O'Shea,""", Gender: """,Male,"""}), ",,,Cork North-West,Independent,,
"(:Candidate{name:""",Jerry,O'Sullivan,""", Gender: """,Male,"""}), ",,,Cork North-West,Independent,,
"(:Candidate{name:""",Maureen ,O'Sullivan,""", Gender: """,Female,"""}), ",,,Dublin Central,Independent,,
"(:Candidate{name:""",Elizabeth ,O'Sullivan,""", Gender: """,Female,"""}), ",,,Kildare North,Independent,,
"(:Candidate{name:""",Jan ,O'Sullivan,""", Gender: """,Female,"""}), ",,,Limerick City,Labour Party,,
"(:Candidate{name:""",Grace,O'Sullivan,""", Gender: """,Female,"""}), ",,,Waterford,Green Party,,
"(:Candidate{name:""",Dom ,Parker,""", Gender: """,Male,"""}), ",,,Longford-Westmeath,Anti Austerity Alliance,,
"(:Candidate{name:""",Willie,Penrose,""", Gender: """,Male,"""}), ",,,Longford-Westmeath,Labour Party,,
"(:Candidate{name:""",Cieran,Perry,""", Gender: """,Male,"""}), ",,,Dublin Central,Independent,,
"(:Candidate{name:""",John,Perry,""", Gender: """,Male,"""}), ",,,Sligoâ€“Leitrim,Fine Gael,,
"(:Candidate{name:""",John Paul ,Phelan,""", Gender: """,Male,"""}), ",,,Carlow-Kilkenny,Fine Gael,,
"(:Candidate{name:""",Ann,Phelan,""", Gender: """,Female,"""}), ",,,Carlow-Kilkenny,Labour Party,,
"(:Candidate{name:""",Gillian,Powell,""", Gender: """,Female,"""}), ",,,Cork South-West,Independent,,
"(:Candidate{name:""",Averil,Power,""", Gender: """,Female,"""}), ",,,Dublin Bay North,Independent,,
"(:Candidate{name:""",Mailo,Power,""", Gender: """,Female,"""}), ",,,Waterford,Renua,,
"(:Candidate{name:""",Cian ,Prendiville,""", Gender: """,Male,"""}), ",,,Limerick City,People Before Profit Alliance,,
"(:Candidate{name:""",Thomas,Pringle,""", Gender: """,Male,"""}), ",,,Donegal,Independent,,
"(:Candidate{name:""",Kieran Adam,Quigley,""", Gender: """,Male,"""}), ",,,Dublin South-West,Independent,,
"(:Candidate{name:""",Edward,Quilty,""", Gender: """,Male,"""}), ",,,Waterford,Direct Democracy Ireland,,
"(:Candidate{name:""",Maurice ,Quinlivan,""", Gender: """,Male,"""}), ",,,Limerick City,Sinn Féin,,
"(:Candidate{name:""",Anne ,Rabbitte ,""", Gender: """,Female,"""}), ",,,Galway East,Fianna FÃ¡il,,
"(:Candidate{name:""",Stephanie Bernadette,Regan,""", Gender: """,Female,"""}), ",,,Dublin Bay North,Fine Gael,,
"(:Candidate{name:""",James ,Reilly,""", Gender: """,Male,"""}), ",,,Dublin Fingal,Fine Gael,,
"(:Candidate{name:""",Kathryn ,Reilly ,""", Gender: """,Female,"""}), ",,,Cavan-Monaghan,Sinn Féin,,
"(:Candidate{name:""",Gerry,Reynolds,""", Gender: """,Male,"""}), ",,,Sligoâ€“Leitrim,Fine Gael,,
"(:Candidate{name:""",Michael,Ring,""", Gender: """,Male,"""}), ",,,Mayo,Fine Gael,,
"(:Candidate{name:""",Denis,Riordan,""", Gender: """,Male,"""}), ",,,Limerick City,Independent,,
"(:Candidate{name:""",Annemarie ,Roche,""", Gender: """,Female,"""}), ",,,Galway East,Sinn Féin,,
"(:Candidate{name:""",Noel,Rock,""", Gender: """,Male,"""}), ",,,Dublin North-West,Fine Gael,,
"(:Candidate{name:""",Tommy,Roddy,""", Gender: """,Male,"""}), ",,,Galway West,Independent,,
"(:Candidate{name:""",Shane,Ross,""", Gender: """,Male,"""}), ",,,Dublin Rathdown,Independent,,
"(:Candidate{name:""",Fiona,Ryan,""", Gender: """,Female,"""}), ",,,Cork South-Central ,People Before Profit Alliance,,
"(:Candidate{name:""",Eamon,Ryan,""", Gender: """,Male,"""}), ",,,Dublin Bay South,Green Party,,
"(:Candidate{name:""",Ailis,Ryan,""", Gender: """,Female,"""}), ",,,Dublin Central,The Workers' Party,,
"(:Candidate{name:""",Brendan,Ryan,""", Gender: """,Male,"""}), ",,,Dublin Fingal,Labour Party,,
"(:Candidate{name:""",Patricia ,Ryan,""", Gender: """,Female,"""}), ",,,Kildare South,Sinn Féin,,
"(:Candidate{name:""",Teresa,Ryan-Feehan,""", Gender: """,Female,"""}), ",,,Offaly,Independent,,
"(:Candidate{name:""",Eamon,Scanlon,""", Gender: """,Male,"""}), ",,,Sligoâ€“Leitrim,Fianna FÃ¡il,,
"(:Candidate{name:""",Mae,Sexton,""", Gender: """,Female,"""}), ",,,Longford-Westmeath,Independent,,
"(:Candidate{name:""",Alan,Shatter,""", Gender: """,Male,"""}), ",,,Dublin Rathdown,Fine Gael,,
"(:Candidate{name:""",Margaret,Sheehan,""", Gender: """,Female,"""}), ",,,Mayo,Green Party,,
"(:Candidate{name:""",Seamus,Sheridan,""", Gender: """,Male,"""}), ",,,Galway West,Green Party,,
"(:Candidate{name:""",Sean,Sherlock,""", Gender: """,Male,"""}), ",,,Cork East,Labour Party,,
"(:Candidate{name:""",Dessie,Shiels,""", Gender: """,Male,"""}), ",,,Donegal,Independent,,
"(:Candidate{name:""",Roisin,Shortall,""", Gender: """,Female,"""}), ",,,Dublin North-West,Social Democrats,,
"(:Candidate{name:""",Stephen ,Sinclair,""", Gender: """,Male,"""}), ",,,Dublin South-West,Direct Democracy Ireland,,
"(:Candidate{name:""",Brendan,Smith,""", Gender: """,Male,"""}), ",,,Cavan-Monaghan,Fianna FÃ¡il,,
"(:Candidate{name:""",Emmett,Smith,""", Gender: """,Male,"""}), ",,,Cavan-Monaghan,Independent,,
"(:Candidate{name:""",Fergal ,Smith,""", Gender: """,Male,"""}), ",,,Clare,Green Party,,
"(:Candidate{name:""",Bríd,Smith,""", Gender: """,Female,"""}), ",,,Dublin South-Central,People Before Profit Alliance,,
"(:Candidate{name:""",Michael,Smith,""", Gender: """,Male,"""}), ",,,Tipperary,Fianna FÃ¡il,,
"(:Candidate{name:""",Ken,Smollen,""", Gender: """,Male,"""}), ",,,Offaly,Irish Democratic Party,,
"(:Candidate{name:""",Niamh ,Smyth,""", Gender: """,Female,"""}), ",,,Cavan-Monaghan,Fianna FÃ¡il,,
"(:Candidate{name:""",Ossian,Smyth,""", Gender: """,Male,"""}), ",,,DÃºn Laoghaire,Green Party,,
"(:Candidate{name:""",Carrie,Smyth,""", Gender: """,Female,"""}), ",,,DÃºn Laoghaire,Labour Party,,
"(:Candidate{name:""",Ian Noel,Smyth,""", Gender: """,Male,"""}), ",,,Dublin Central,Green Party,,
"(:Candidate{name:""",Barbara,Smyth,""", Gender: """,Female,"""}), ",,,Longford-Westmeath,Independent,,
"(:Candidate{name:""",Mary ,Smyth ,""", Gender: """,Female,"""}), ",,,Cavan-Monaghan,Renua,,
"(:Candidate{name:""",Arthur,Spring,""", Gender: """,Male,"""}), ",,,Kerry,Labour Party,,
"(:Candidate{name:""",Emmett ,Stagg,""", Gender: """,Male,"""}), ",,,Kildare North,Labour Party,,
"(:Candidate{name:""",Brian,Stanley,""", Gender: """,Male,"""}), ",,,Laois,Sinn Féin,,
"(:Candidate{name:""",David ,Stanton,""", Gender: """,Male,"""}), ",,,Cork East,Fine Gael,,
"(:Candidate{name:""",Joan,Summerville-Malloy,""", Gender: """,Female,"""}), ",,,Dublin South-West,Independent,,
"(:Candidate{name:""",Bernard,Sweeney ,""", Gender: """,Male,"""}), ",,,Sligoâ€“Leitrim,Independent,,
"(:Candidate{name:""",Peadar ,TÃ³ibÃ­n,""", Gender: """,Male,"""}), ",,,Meath West,Sinn Féin,,
"(:Candidate{name:""",Eoin,Tierney,""", Gender: """,Male,"""}), ",,,Dublin Bay South,Independent,,
"(:Candidate{name:""",Billy ,Timmins,""", Gender: """,Male,"""}), ",,,Wicklow,Renua,,
"(:Candidate{name:""",Francis ,Timmons,""", Gender: """,Male,"""}), ",,,Dublin Mid-West,Independent,,
"(:Candidate{name:""",Robert,Troy,""", Gender: """,Male,"""}), ",,,Longford-Westmeath,Fianna FÃ¡il,,
"(:Candidate{name:""",Joanna ,Tuffy,""", Gender: """,Female,"""}), ",,,Dublin Mid-West,Labour Party,,
"(:Candidate{name:""",Ted,Tynan,""", Gender: """,Male,"""}), ",,,Cork North-Central,The Workers' Party,,
"(:Candidate{name:""",Sarah,Tyrrell,""", Gender: """,Male,"""}), ",,,Meath East,Renua,,
"(:Candidate{name:""",Kamal ,Uddin,""", Gender: """,Male,"""}), ",,,Mayo,Independent,,
"(:Candidate{name:""",Leo,Varadkar,""", Gender: """,Male,"""}), ",,,Dublin West,Fine Gael,,
"(:Candidate{name:""",Deirdre,Wadding,""", Gender: """,Female,"""}), ",,,Wexford,People Before Profit Alliance,,
"(:Candidate{name:""",Mark,Wall,""", Gender: """,Male,"""}), ",,,Kildare South,Labour Party,,
"(:Candidate{name:""",Adrienne ,Wallace,""", Gender: """,Female,"""}), ",,,Carlow-Kilkenny,People Before Profit Alliance,,
"(:Candidate{name:""",Mick,Wallace,""", Gender: """,Male,"""}), ",,,Wexford,Independents 4 Change,,
"(:Candidate{name:""",Noel,Walsh,""", Gender: """,Male,"""}), ",,,Carlow-Kilkenny,Independent,,
"(:Candidate{name:""",John,Walsh,""", Gender: """,Male,"""}), ",,,Waterford,Independent,,
"(:Candidate{name:""",Ann,Walsh,""", Gender: """,Female,"""}), ",,,Wexford,Green Party,,
"(:Candidate{name:""",Karen,Warren,""", Gender: """,Female,"""}), ",,,Dublin South-West,Fine Gael,,
"(:Candidate{name:""",Garett,Weldon,""", Gender: """,Male,"""}), ",,,Louth,People Before Profit Alliance,,
"(:Candidate{name:""",John,Whelan,""", Gender: """,Male,"""}), ",,,Laois,Labour Party,,
"(:Candidate{name:""",Mary ,White,""", Gender: """,Female,"""}), ",,,Dublin Rathdown,Fianna FÃ¡il,,
"(:Candidate{name:""",Alex,White ,""", Gender: """,Male,"""}), ",,,Dublin Rathdown,Labour Party,,
"(:Candidate{name:""",Raymond,Whitehead,""", Gender: """,Male,"""}), ",,,DÃºn Laoghaire,Direct Democracy Ireland,,
"(:Candidate{name:""",John ,Wilson,""", Gender: """,Male,"""}), ",,,Cavan-Monaghan,Independent,,
"(:Candidate{name:""",Maeve,Yore,""", Gender: """,Female,"""}), ",,,Louth,Independent,,
"(:Candidate{name:""",Brendan,Young ,""", Gender: """,Male,"""}), ",,,Kildare North,Independent,,
"(:Candidate{name:""",Katherine ,Zappone,""", Gender: """,Female,"""});",,,Dublin South-West,Independent,,
