(,Louth,)-[:CONSTITUENCY_OF]->(,GerryAdams,")<-[:MEMBER {role: ""Member""}]-(",SinnFein,"), "
(,CorkEast,)-[:CONSTITUENCY_OF]->(,BarbaraAhern,")<-[:MEMBER {role: ""Member""}]-(",FiannaFail,"), "
(,Waterford,)-[:CONSTITUENCY_OF]->(,SheikhMohiuddinAhmed,")<-[:MEMBER {role: ""Member""}]-(",Independent,"), "
(,DublinMidWest,)-[:CONSTITUENCY_OF]->(,PatrickAkpoveta,")<-[:MEMBER {role: ""Member""}]-(",Independent,"), "
(,Tipperary,)-[:CONSTITUENCY_OF]->(,SiobhanAmbrose,")<-[:MEMBER {role: ""Member""}]-(",FiannaFail,"), "
(,DublinBaySouth,)-[:CONSTITUENCY_OF]->(,ChrisAndrews,")<-[:MEMBER {role: ""Member""}]-(",SinnFein,"), "
(,DublinSouthCentral,)-[:CONSTITUENCY_OF]->(,CatherineArdagh,")<-[:MEMBER {role: ""Member""}]-(",FiannaFail,"), "
(,CarlowKilkenny,)-[:CONSTITUENCY_OF]->(,BobbyAylward,")<-[:MEMBER {role: ""Member""}]-(",FiannaFail,"), "
(,DúnLaoghaire,)-[:CONSTITUENCY_OF]->(,MariaBailey,")<-[:MEMBER {role: ""Member""}]-(",FineGael,"), "
(,LongfordWestmeath,)-[:CONSTITUENCY_OF]->(,JamesBannon,")<-[:MEMBER {role: ""Member""}]-(",FineGael,"), "
(,CorkEast,)-[:CONSTITUENCY_OF]->(,TomBarry,")<-[:MEMBER {role: ""Member""}]-(",FineGael,"), "
(,CorkNorthCentral,)-[:CONSTITUENCY_OF]->(,MickBarry,")<-[:MEMBER {role: ""Member""}]-(",PeopleBeforeProfitAllianceAAA,"), "
(,Wicklow,)-[:CONSTITUENCY_OF]->(,JoeBehan,")<-[:MEMBER {role: ""Member""}]-(",Independent,"), "
(,KildareNorth,)-[:CONSTITUENCY_OF]->(,MichaelBeirne,")<-[:MEMBER {role: ""Member""}]-(",Independent,"), "
(,LimerickCity,)-[:CONSTITUENCY_OF]->(,NoraBennis,")<-[:MEMBER {role: ""Member""}]-(",CatholicDems,"), "
(,CorkSouthCentral ,)-[:CONSTITUENCY_OF]->(,LornaBogue,")<-[:MEMBER {role: ""Member""}]-(",Greenparty,"), "
(,MeathEast,)-[:CONSTITUENCY_OF]->(,JoeBonner,")<-[:MEMBER {role: ""Member""}]-(",Independent,"), "
(,Offaly,)-[:CONSTITUENCY_OF]->(,KateBopp,")<-[:MEMBER {role: ""Member""}]-(",Independent,"), "
(,DúnLaoghaire,)-[:CONSTITUENCY_OF]->(,RichardBoyd-Barrett,")<-[:MEMBER {role: ""Member""}]-(",PeopleBeforeProfitAllianceAAA,"), "
(,CorkEast,)-[:CONSTITUENCY_OF]->(,PaulBradford,")<-[:MEMBER {role: ""Member""}]-(",RenuaIreland,"), "
(,DublinSouthCentral,)-[:CONSTITUENCY_OF]->(,NevilleBradley,")<-[:MEMBER {role: ""Member""}]-(",DirectDemocracy,"), "
(,Louth,)-[:CONSTITUENCY_OF]->(,DavidBradley,")<-[:MEMBER {role: ""Member""}]-(",Independent,"), "
(,Wicklow,)-[:CONSTITUENCY_OF]->(,JohnBrady,")<-[:MEMBER {role: ""Member""}]-(",SinnFein,"), "
(,Kerry,)-[:CONSTITUENCY_OF]->(,JohnBrassil,")<-[:MEMBER {role: ""Member""}]-(",FiannaFail,"), "
(,Louth,)-[:CONSTITUENCY_OF]->(,DeclanBreathnach,")<-[:MEMBER {role: ""Member""}]-(",FiannaFail,"), "
(,SligoLeitrim,)-[:CONSTITUENCY_OF]->(,DeclanBree,")<-[:MEMBER {role: ""Member""}]-(",Independent,"), "
(,Clare,)-[:CONSTITUENCY_OF]->(,PatBreen,")<-[:MEMBER {role: ""Member""}]-(",FineGael,"), "
(,Wicklow,)-[:CONSTITUENCY_OF]->(,SharonBriggs,")<-[:MEMBER {role: ""Member""}]-(",PeopleBeforeProfitAllianceAAA,"), "
(,DublinSouthWest,)-[:CONSTITUENCY_OF]->(,ColmBrophy,")<-[:MEMBER {role: ""Member""}]-(",FineGael,"), "
(,DublinBayNorth,)-[:CONSTITUENCY_OF]->(,TommyBroughan,")<-[:MEMBER {role: ""Member""}]-(",IndependentsForChange,"), "
(,LimerickCounty,)-[:CONSTITUENCY_OF]->(,SeamusBrowne,")<-[:MEMBER {role: ""Member""}]-(",SinnFein,"), "
(,Wexford,)-[:CONSTITUENCY_OF]->(,JamesBrowne,")<-[:MEMBER {role: ""Member""}]-(",FiannaFail,"), "
(,DublinBayNorth,)-[:CONSTITUENCY_OF]->(,RichardBruton,")<-[:MEMBER {role: ""Member""}]-(",FineGael,"), "
(,CorkEast,)-[:CONSTITUENCY_OF]->(,PatBuckley,")<-[:MEMBER {role: ""Member""}]-(",SinnFein,"), "
(,CorkEast,)-[:CONSTITUENCY_OF]->(,PaddyBullman,")<-[:MEMBER {role: ""Member""}]-(",Independent,"), "
(,DublinCentral,)-[:CONSTITUENCY_OF]->(,ChristyBurke,")<-[:MEMBER {role: ""Member""}]-(",Independent,"), "
(,DublinSouthWest,)-[:CONSTITUENCY_OF]->(,DeclanBurke,")<-[:MEMBER {role: ""Member""}]-(",Independent,"), "
(,LongfordWestmeath,)-[:CONSTITUENCY_OF]->(,PeterBurke,")<-[:MEMBER {role: ""Member""}]-(",FineGael,"), "
(,DublinWest,)-[:CONSTITUENCY_OF]->(,JoanBurton,")<-[:MEMBER {role: ""Member""}]-(",LabourParty,"), "
(,MeathWest,)-[:CONSTITUENCY_OF]->(,RayButler,")<-[:MEMBER {role: ""Member""}]-(",FineGael,"), "
(,Waterford,)-[:CONSTITUENCY_OF]->(,MaryButler,")<-[:MEMBER {role: ""Member""}]-(",FiannaFail,"), "
(,CorkSouthCentral ,)-[:CONSTITUENCY_OF]->(,JerryButtimer,")<-[:MEMBER {role: ""Member""}]-(",FineGael,"), "
(,DublinSouthCentral,)-[:CONSTITUENCY_OF]->(,CatherineByrne,")<-[:MEMBER {role: ""Member""}]-(",FineGael,"), "
(,DublinSouthCentral,)-[:CONSTITUENCY_OF]->(,EricByrne,")<-[:MEMBER {role: ""Member""}]-(",LabourParty,"), "
(,MeathEast,)-[:CONSTITUENCY_OF]->(,ThomasByrne,")<-[:MEMBER {role: ""Member""}]-(",FiannaFail,"), "
(,Wexford,)-[:CONSTITUENCY_OF]->(,MalcolmByrne,")<-[:MEMBER {role: ""Member""}]-(",FiannaFail,"), "
(,Wexford,)-[:CONSTITUENCY_OF]->(,AoifeByrne,")<-[:MEMBER {role: ""Member""}]-(",FiannaFail,"), "
(,Clare,)-[:CONSTITUENCY_OF]->(,RichardCahill,")<-[:MEMBER {role: ""Member""}]-(",Independent,"), "
(,Tipperary,)-[:CONSTITUENCY_OF]->(,JackieCahill,")<-[:MEMBER {role: ""Member""}]-(",FiannaFail,"), "
(,CavanMonaghan,)-[:CONSTITUENCY_OF]->(,MichealCallaghan,")<-[:MEMBER {role: ""Member""}]-(",Greenparty,"), "
(,Louth,)-[:CONSTITUENCY_OF]->(,KevinCallan,")<-[:MEMBER {role: ""Member""}]-(",Independent,"), "
(,Mayo,)-[:CONSTITUENCY_OF]->(,DaraCalleary,")<-[:MEMBER {role: ""Member""}]-(",FiannaFail,"), "
(,GalwayEast,)-[:CONSTITUENCY_OF]->(,SeanCanney,")<-[:MEMBER {role: ""Member""}]-(",Independent,"), "
(,CorkEast,)-[:CONSTITUENCY_OF]->(,RossCannon,")<-[:MEMBER {role: ""Member""}]-(",Independent,"), "
(,GalwayEast,)-[:CONSTITUENCY_OF]->(,CiaranCannon,")<-[:MEMBER {role: ""Member""}]-(",FineGael,"), "
(,Clare,)-[:CONSTITUENCY_OF]->(,JoeCarey,")<-[:MEMBER {role: ""Member""}]-(",FineGael,"), "
(,DublinNorthWest,)-[:CONSTITUENCY_OF]->(,CathleenCarneyBoud,")<-[:MEMBER {role: ""Member""}]-(",SinnFein,"), "
(,Wexford,)-[:CONSTITUENCY_OF]->(,GerCarthy,")<-[:MEMBER {role: ""Member""}]-(",Independent,"), "
(,DublinWest,)-[:CONSTITUENCY_OF]->(,DermotCasey,")<-[:MEMBER {role: ""Member""}]-(",Independent,"), "
(,Wicklow,)-[:CONSTITUENCY_OF]->(,PatCasey,")<-[:MEMBER {role: ""Member""}]-(",FiannaFail,"), "
(,MeathWest,)-[:CONSTITUENCY_OF]->(,ShaneCassells,")<-[:MEMBER {role: ""Member""}]-(",FiannaFail,"), "
(,SligoLeitrim,)-[:CONSTITUENCY_OF]->(,MarieCasserly,")<-[:MEMBER {role: ""Member""}]-(",Independent,"), "
(,DublinWest,)-[:CONSTITUENCY_OF]->(,JackChambers,")<-[:MEMBER {role: ""Member""}]-(",FiannaFail,"), "
(,Mayo,)-[:CONSTITUENCY_OF]->(,LisaChambers,")<-[:MEMBER {role: ""Member""}]-(",FiannaFail,"), "
(,GalwayWest,)-[:CONSTITUENCY_OF]->(,JamesCharity,")<-[:MEMBER {role: ""Member""}]-(",Independent,"), "
(,DublinWest,)-[:CONSTITUENCY_OF]->(,TJClare,")<-[:MEMBER {role: ""Member""}]-(",Independent,"), "
(,DublinBayNorth,)-[:CONSTITUENCY_OF]->(,PaulClarke,")<-[:MEMBER {role: ""Member""}]-(",Independent,"), "
(,DublinFingal,)-[:CONSTITUENCY_OF]->(,LorraineCliffordLee,")<-[:MEMBER {role: ""Member""}]-(",FiannaFail,"), "
(,Louth,)-[:CONSTITUENCY_OF]->(,EmmaCoffey,")<-[:MEMBER {role: ""Member""}]-(",FiannaFail,"), "
(,Waterford,)-[:CONSTITUENCY_OF]->(,PaudieCoffey,")<-[:MEMBER {role: ""Member""}]-(",FineGael,"), "
(,CorkSouthWest,)-[:CONSTITUENCY_OF]->(,AlanColeman,")<-[:MEMBER {role: ""Member""}]-(",Independent,"), "
(,RoscommonGalway,)-[:CONSTITUENCY_OF]->(,TonyColeman,")<-[:MEMBER {role: ""Member""}]-(",Independent,"), "
(,Clare,)-[:CONSTITUENCY_OF]->(,ClareColleranMolloy,")<-[:MEMBER {role: ""Member""}]-(",FiannaFail,"), "
(,CorkNorthWest,)-[:CONSTITUENCY_OF]->(,AineCollins,")<-[:MEMBER {role: ""Member""}]-(",FineGael,"), "
(,CorkSouthWest,)-[:CONSTITUENCY_OF]->(,MichaelCollins,")<-[:MEMBER {role: ""Member""}]-(",Independent,"), "
(,DublinSouthCentral,)-[:CONSTITUENCY_OF]->(,JoanCollins,")<-[:MEMBER {role: ""Member""}]-(",IndependentsForChange,"), "
(,LimerickCounty,)-[:CONSTITUENCY_OF]->(,NiallCollins,")<-[:MEMBER {role: ""Member""}]-(",FiannaFail,"), "
(,CavanMonaghan,)-[:CONSTITUENCY_OF]->(,SeáinConlan,")<-[:MEMBER {role: ""Member""}]-(",Independent,"), "
(,GalwayEast,)-[:CONSTITUENCY_OF]->(,PaulConnaughton,")<-[:MEMBER {role: ""Member""}]-(",FineGael,"), "
(,Laois,)-[:CONSTITUENCY_OF]->(,ThomasinaConnell,")<-[:MEMBER {role: ""Member""}]-(",FineGael,"), "
(,GalwayWest,)-[:CONSTITUENCY_OF]->(,JohnConnolly,")<-[:MEMBER {role: ""Member""}]-(",FiannaFail,"), "
(,GalwayWest,)-[:CONSTITUENCY_OF]->(,CatherineConnolly,")<-[:MEMBER {role: ""Member""}]-(",Independent,"), "
(,Louth,)-[:CONSTITUENCY_OF]->(,AnthonyConnor,")<-[:MEMBER {role: ""Member""}]-(",DirectDemocracy,"), "
(,DublinNorthWest,)-[:CONSTITUENCY_OF]->(,CarolineConroy,")<-[:MEMBER {role: ""Member""}]-(",Greenparty,"), "
(,RoscommonGalway,)-[:CONSTITUENCY_OF]->(,EddieConroy,")<-[:MEMBER {role: ""Member""}]-(",PeopleBeforeProfitAllianceAAA,"), "
(,Waterford,)-[:CONSTITUENCY_OF]->(,CiaraConway,")<-[:MEMBER {role: ""Member""}]-(",LabourParty,"), "
(,Mayo,)-[:CONSTITUENCY_OF]->(,RoseConway-Walsh,")<-[:MEMBER {role: ""Member""}]-(",SinnFein,"), "
(,Tipperary,)-[:CONSTITUENCY_OF]->(,NoelCoonan,")<-[:MEMBER {role: ""Member""}]-(",FineGael,"), "
(,DublinBayNorth,)-[:CONSTITUENCY_OF]->(,DonnaCooney,")<-[:MEMBER {role: ""Member""}]-(",Greenparty,"), "
(,DublinWest,)-[:CONSTITUENCY_OF]->(,RuthCoppinger,")<-[:MEMBER {role: ""Member""}]-(",PeopleBeforeProfitAllianceAAA,"), "
(,Kerry,)-[:CONSTITUENCY_OF]->(,DonalCorcoran,")<-[:MEMBER {role: ""Member""}]-(",RenuaIreland,"), "
(,Offaly,)-[:CONSTITUENCY_OF]->(,MarcellaCorcoran-Kennedy,")<-[:MEMBER {role: ""Member""}]-(",FineGael,"), "
(,LimerickCounty,)-[:CONSTITUENCY_OF]->(,AlexanderCosgrave,")<-[:MEMBER {role: ""Member""}]-(",Greenparty,"), "
(,DublinCentral,)-[:CONSTITUENCY_OF]->(,JoeCostello,")<-[:MEMBER {role: ""Member""}]-(",LabourParty,"), "
(,CorkSouthCentral ,)-[:CONSTITUENCY_OF]->(,SimonCoveney,")<-[:MEMBER {role: ""Member""}]-(",FineGael,"), "
(,Offaly,)-[:CONSTITUENCY_OF]->(,BarryCowen,")<-[:MEMBER {role: ""Member""}]-(",FiannaFail,"), "
(,Mayo,)-[:CONSTITUENCY_OF]->(,JerryCowley,")<-[:MEMBER {role: ""Member""}]-(",Independent,"), "
(,DublinSouthCentral,)-[:CONSTITUENCY_OF]->(,LiamCoyne,")<-[:MEMBER {role: ""Member""}]-(",SocialDemocrats,"), "
(,CorkNorthWest,)-[:CONSTITUENCY_OF]->(,MichaelCreed,")<-[:MEMBER {role: ""Member""}]-(",FineGael,"), "
(,DublinBaySouth,)-[:CONSTITUENCY_OF]->(,LucindaCreighton,")<-[:MEMBER {role: ""Member""}]-(",RenuaIreland,"), "
(,DúnLaoghaire,)-[:CONSTITUENCY_OF]->(,FrankCronin,")<-[:MEMBER {role: ""Member""}]-(",RenuaIreland,"), "
(,KildareNorth,)-[:CONSTITUENCY_OF]->(,ReadaCronin,")<-[:MEMBER {role: ""Member""}]-(",SinnFein,"), "
(,Wicklow,)-[:CONSTITUENCY_OF]->(,AvrilCronin,")<-[:MEMBER {role: ""Member""}]-(",FineGael,"), "
(,DublinSouthWest,)-[:CONSTITUENCY_OF]->(,SeanCrowe,")<-[:MEMBER {role: ""Member""}]-(",SinnFein,"), "
(,KildareSouth,)-[:CONSTITUENCY_OF]->(,DeclenCrowe,")<-[:MEMBER {role: ""Member""}]-(",Independent,"), "
(,GalwayWest,)-[:CONSTITUENCY_OF]->(,MikeCubbard,")<-[:MEMBER {role: ""Member""}]-(",Independent,"), "
(,Wicklow,)-[:CONSTITUENCY_OF]->(,JenniferCuffe,")<-[:MEMBER {role: ""Member""}]-(",FiannaFail,"), "
(,Waterford,)-[:CONSTITUENCY_OF]->(,DavidCullinane,")<-[:MEMBER {role: ""Member""}]-(",SinnFein,"), "
(,DublinMidWest,)-[:CONSTITUENCY_OF]->(,JohnCurran,")<-[:MEMBER {role: ""Member""}]-(",FiannaFail,"), "
(,RoscommonGalway,)-[:CONSTITUENCY_OF]->(,ShaneCurran,")<-[:MEMBER {role: ""Member""}]-(",FiannaFail,"), "
(,CorkEast,)-[:CONSTITUENCY_OF]->(,KenCurtin,")<-[:MEMBER {role: ""Member""}]-(",,"), "
(,CorkSouthWest,)-[:CONSTITUENCY_OF]->(,JimDaly,")<-[:MEMBER {role: ""Member""}]-(",FineGael,"), "
(,DublinFingal,)-[:CONSTITUENCY_OF]->(,ClareDaly,")<-[:MEMBER {role: ""Member""}]-(",IndependentsForChange,"), "
(,Wexford,)-[:CONSTITUENCY_OF]->(,MichaelD'Arcy,")<-[:MEMBER {role: ""Member""}]-(",FineGael,"), "
(,GalwayWest,)-[:CONSTITUENCY_OF]->(,NicolaDaveron,")<-[:MEMBER {role: ""Member""}]-(",RenuaIreland,"), "
(,DublinFingal,)-[:CONSTITUENCY_OF]->(,MarcusDeBrun,")<-[:MEMBER {role: ""Member""}]-(",Independent,"), "
(,Louth,)-[:CONSTITUENCY_OF]->(,MarkDearey,")<-[:MEMBER {role: ""Member""}]-(",Greenparty,"), "
(,Waterford,)-[:CONSTITUENCY_OF]->(,JohnDeasy,")<-[:MEMBER {role: ""Member""}]-(",FineGael,"), "
(,Kerry,)-[:CONSTITUENCY_OF]->(,JimmyDeenihan,")<-[:MEMBER {role: ""Member""}]-(",FineGael,"), "
(,CarlowKilkenny,)-[:CONSTITUENCY_OF]->(,PatDeering,")<-[:MEMBER {role: ""Member""}]-(",FineGael,"), "
(,CorkNorthWest,)-[:CONSTITUENCY_OF]->(,NigelDennehy,")<-[:MEMBER {role: ""Member""}]-(",SinnFein,"), "
(,DublinSouthWest,)-[:CONSTITUENCY_OF]->(,Anne-MarieDermody,")<-[:MEMBER {role: ""Member""}]-(",FineGael,"), "
(,DublinRathdown,)-[:CONSTITUENCY_OF]->(,AlanDeveron,")<-[:MEMBER {role: ""Member""}]-(",RenuaIreland,"), "
(,DublinSouthCentral,)-[:CONSTITUENCY_OF]->(,MáireDevine,")<-[:MEMBER {role: ""Member""}]-(",SinnFein,"), "
(,DúnLaoghaire,)-[:CONSTITUENCY_OF]->(,CormacDevlin,")<-[:MEMBER {role: ""Member""}]-(",FiannaFail,"), "
(,DublinNorthWest,)-[:CONSTITUENCY_OF]->(,JimmyDignam,")<-[:MEMBER {role: ""Member""}]-(",WorkersParty,"), "
(,Tipperary,)-[:CONSTITUENCY_OF]->(,MichaelDillon,")<-[:MEMBER {role: ""Member""}]-(",Independent,"), "
(,Donegal,)-[:CONSTITUENCY_OF]->(,PearseDoherty,")<-[:MEMBER {role: ""Member""}]-(",SinnFein,"), "
(,Donegal,)-[:CONSTITUENCY_OF]->(,GaryDoherty,")<-[:MEMBER {role: ""Member""}]-(",SinnFein,"), "
(,MeathEast,)-[:CONSTITUENCY_OF]->(,ReginaDoherty,")<-[:MEMBER {role: ""Member""}]-(",FineGael,"), "
(,Wicklow,)-[:CONSTITUENCY_OF]->(,StephenDonnelly,")<-[:MEMBER {role: ""Member""}]-(",SocialDemocrats,"), "
(,DublinWest,)-[:CONSTITUENCY_OF]->(,PaulDonnelly,")<-[:MEMBER {role: ""Member""}]-(",SinnFein,"), "
(,DublinCentral,)-[:CONSTITUENCY_OF]->(,PaschalDonohoe,")<-[:MEMBER {role: ""Member""}]-(",FineGael,"), "
(,Clare,)-[:CONSTITUENCY_OF]->(,TimmyDooley,")<-[:MEMBER {role: ""Member""}]-(",FiannaFail,"), "
(,Wicklow,)-[:CONSTITUENCY_OF]->(,AndrewDoyle,")<-[:MEMBER {role: ""Member""}]-(",FineGael,"), "
(,Wicklow,)-[:CONSTITUENCY_OF]->(,AnnaDoyle,")<-[:MEMBER {role: ""Member""}]-(",PeopleBeforeProfitAllianceAAA,"), "
(,DublinSouthWest,)-[:CONSTITUENCY_OF]->(,MickDuff,")<-[:MEMBER {role: ""Member""}]-(",LabourParty,"), "
(,DublinSouthWest,)-[:CONSTITUENCY_OF]->(,FrancisNoelDuffy,")<-[:MEMBER {role: ""Member""}]-(",Greenparty,"), "
(,KildareNorth,)-[:CONSTITUENCY_OF]->(,GerardDunne,")<-[:MEMBER {role: ""Member""}]-(",Independent,"), "
(,Waterford,)-[:CONSTITUENCY_OF]->(,UnaDunphy,")<-[:MEMBER {role: ""Member""}]-(",PeopleBeforeProfitAllianceAAA,"), "
(,CavanMonaghan,)-[:CONSTITUENCY_OF]->(,MikeDurkan,")<-[:MEMBER {role: ""Member""}]-(",FiannaFail,"), "
(,KildareNorth,)-[:CONSTITUENCY_OF]->(,BernardDurkan,")<-[:MEMBER {role: ""Member""}]-(",FineGael,"), "
(,Wexford,)-[:CONSTITUENCY_OF]->(,JohnDwyer,")<-[:MEMBER {role: ""Member""}]-(",Independent,"), "
(,DublinNorthWest,)-[:CONSTITUENCY_OF]->(,DessieEllis,")<-[:MEMBER {role: ""Member""}]-(",SinnFein,"), "
(,MeathWest,)-[:CONSTITUENCY_OF]->(,DamienEnglish,")<-[:MEMBER {role: ""Member""}]-(",FineGael,"), "
(,LongfordWestmeath,)-[:CONSTITUENCY_OF]->(,BrianFagan,")<-[:MEMBER {role: ""Member""}]-(",Independent,"), "
(,,)-[:CONSTITUENCY_OF]->(,MichaelFahy,")<-[:MEMBER {role: ""Member""}]-(",,"), "
(,KildareNorth,)-[:CONSTITUENCY_OF]->(,MaebhFallon,")<-[:MEMBER {role: ""Member""}]-(",Greenparty,"), "
(,RoscommonGalway,)-[:CONSTITUENCY_OF]->(,ThomasDeclenFallon,")<-[:MEMBER {role: ""Member""}]-(",Independent,"), "
(,DublinFingal,)-[:CONSTITUENCY_OF]->(,AlanFarrell,")<-[:MEMBER {role: ""Member""}]-(",FineGael,"), "
(,RoscommonGalway,)-[:CONSTITUENCY_OF]->(,AnneFarrell,")<-[:MEMBER {role: ""Member""}]-(",RenuaIreland,"), "
(,Mayo,)-[:CONSTITUENCY_OF]->(,MichaelFarrington,")<-[:MEMBER {role: ""Member""}]-(",RenuaIreland,"), "
(,DublinSouthWest,)-[:CONSTITUENCY_OF]->(,SandraFay,")<-[:MEMBER {role: ""Member""}]-(",PeopleBeforeProfitAllianceAAA,"), "
(,GalwayWest,)-[:CONSTITUENCY_OF]->(,PatrickFeeney,")<-[:MEMBER {role: ""Member""}]-(",Independent,"), "
(,Kerry,)-[:CONSTITUENCY_OF]->(,MartinFerris,")<-[:MEMBER {role: ""Member""}]-(",SinnFein,"), "
(,Wicklow,)-[:CONSTITUENCY_OF]->(,AnneFerris,")<-[:MEMBER {role: ""Member""}]-(",LabourParty,"), "
(,Offaly,)-[:CONSTITUENCY_OF]->(,ChristopherFettes,")<-[:MEMBER {role: ""Member""}]-(",Greenparty,"), "
(,SligoLeitrim,)-[:CONSTITUENCY_OF]->(,FinbarrFilan,")<-[:MEMBER {role: ""Member""}]-(",RenuaIreland,"), "
(,CorkSouthCentral ,)-[:CONSTITUENCY_OF]->(,MickFinn,")<-[:MEMBER {role: ""Member""}]-(",Independent,"), "
(,Kerry,)-[:CONSTITUENCY_OF]->(,BrianFinucane,")<-[:MEMBER {role: ""Member""}]-(",PeopleBeforeProfitAllianceAAA,"), "
(,CarlowKilkenny,)-[:CONSTITUENCY_OF]->(,DavidFitzgerald,")<-[:MEMBER {role: ""Member""}]-(",FineGael,"), "
(,CorkNorthWest,)-[:CONSTITUENCY_OF]->(,JasonFitzgerald,")<-[:MEMBER {role: ""Member""}]-(",RenuaIreland,"), "
(,DublinMidWest,)-[:CONSTITUENCY_OF]->(,FrancesFitzgerald,")<-[:MEMBER {role: ""Member""}]-(",FineGael,"), "
(,Kerry,)-[:CONSTITUENCY_OF]->(,MichaelFitzgerald,")<-[:MEMBER {role: ""Member""}]-(",Greenparty,"), "
(,KildareNorth,)-[:CONSTITUENCY_OF]->(,ShaneFitzgerald,")<-[:MEMBER {role: ""Member""}]-(",RenuaIreland,"), "
(,Kerry,)-[:CONSTITUENCY_OF]->(,MaryFitzgibbon,")<-[:MEMBER {role: ""Member""}]-(",Independent,"), "
(,Tipperary,)-[:CONSTITUENCY_OF]->(,GearóidFitzgibbon,")<-[:MEMBER {role: ""Member""}]-(",Greenparty,"), "
(,RoscommonGalway,)-[:CONSTITUENCY_OF]->(,MichaelFitzmaurice,")<-[:MEMBER {role: ""Member""}]-(",Independent,"), "
(,DublinCentral,)-[:CONSTITUENCY_OF]->(,MaryFitzpatrick,")<-[:MEMBER {role: ""Member""}]-(",FiannaFail,"), "
(,DublinSouthWest,)-[:CONSTITUENCY_OF]->(,PeterFitzpatrick,")<-[:MEMBER {role: ""Member""}]-(",Independent,"), "
(,Louth,)-[:CONSTITUENCY_OF]->(,PeterFitzpatrick,")<-[:MEMBER {role: ""Member""}]-(",FineGael,"), "
(,Offaly,)-[:CONSTITUENCY_OF]->(,EddieFitzpatrick,")<-[:MEMBER {role: ""Member""}]-(",FiannaFail,"), "
(,Donegal,)-[:CONSTITUENCY_OF]->(,PaulaFlanagan,")<-[:MEMBER {role: ""Member""}]-(",Greenparty,"), "
(,DublinBayNorth,)-[:CONSTITUENCY_OF]->(,TerenceFlanagan,")<-[:MEMBER {role: ""Member""}]-(",RenuaIreland,"), "
(,Laois,)-[:CONSTITUENCY_OF]->(,CharlieFlanagan,")<-[:MEMBER {role: ""Member""}]-(",FineGael,"), "
(,Laois,)-[:CONSTITUENCY_OF]->(,SeanFleming,")<-[:MEMBER {role: ""Member""}]-(",FiannaFail,"), "
(,DublinBaySouth,)-[:CONSTITUENCY_OF]->(,MannixFlynn,")<-[:MEMBER {role: ""Member""}]-(",Independent,"), "
(,Offaly,)-[:CONSTITUENCY_OF]->(,JohnFoley,")<-[:MEMBER {role: ""Member""}]-(",Independent,"), "
(,Mayo,)-[:CONSTITUENCY_OF]->(,SeanForkan,")<-[:MEMBER {role: ""Member""}]-(",Independent,"), "
(,Wexford,)-[:CONSTITUENCY_OF]->(,CarolineFoxe,")<-[:MEMBER {role: ""Member""}]-(",Independent,"), "
(,DublinFingal,)-[:CONSTITUENCY_OF]->(,RoslynFuller,")<-[:MEMBER {role: ""Member""}]-(",Independent,"), "
(,CarlowKilkenny,)-[:CONSTITUENCY_OF]->(,KathleenFunchion,")<-[:MEMBER {role: ""Member""}]-(",SinnFein,"), "
(,LimerickCity,)-[:CONSTITUENCY_OF]->(,JamesGaffney,")<-[:MEMBER {role: ""Member""}]-(",Greenparty,"), "
(,Donegal,)-[:CONSTITUENCY_OF]->(,PatGallagher,")<-[:MEMBER {role: ""Member""}]-(",FiannaFail,"), "
(,SligoLeitrim,)-[:CONSTITUENCY_OF]->(,NigelGallagher,")<-[:MEMBER {role: ""Member""}]-(",PeopleBeforeProfitAllianceAAA,"), "
(,DublinCentral,)-[:CONSTITUENCY_OF]->(,GaryGannon,")<-[:MEMBER {role: ""Member""}]-(",SocialDemocrats,"), "
(,DublinSouthCentral,)-[:CONSTITUENCY_OF]->(,MichaelGargan,")<-[:MEMBER {role: ""Member""}]-(",RenuaIreland,"), "
(,Kerry,)-[:CONSTITUENCY_OF]->(,HenryGaynor,")<-[:MEMBER {role: ""Member""}]-(",Independent,"), "
(,LongfordWestmeath,)-[:CONSTITUENCY_OF]->(,ConnieGerety-Quinn,")<-[:MEMBER {role: ""Member""}]-(",FiannaFail,"), "
(,DublinCentral,)-[:CONSTITUENCY_OF]->(,JacquiGilbourne,")<-[:MEMBER {role: ""Member""}]-(",RenuaIreland,"), "
(,CarlowKilkenny,)-[:CONSTITUENCY_OF]->(,KeithGilligan,")<-[:MEMBER {role: ""Member""}]-(",Independent,"), "
(,MeathEast,)-[:CONSTITUENCY_OF]->(,BenGilroy,")<-[:MEMBER {role: ""Member""}]-(",DirectDemocracy,"), "
(,DublinMidWest,)-[:CONSTITUENCY_OF]->(,PaulGogarty,")<-[:MEMBER {role: ""Member""}]-(",Independent,"), "
(,MeathWest,)-[:CONSTITUENCY_OF]->(,TrevorGolden,")<-[:MEMBER {role: ""Member""}]-(",Independent,"), "
(,DublinBaySouth,)-[:CONSTITUENCY_OF]->(,WilliamGorman,")<-[:MEMBER {role: ""Member""}]-(",Independent,"), "
(,DublinCentral,)-[:CONSTITUENCY_OF]->(,WilliamGorman,")<-[:MEMBER {role: ""Member""}]-(",Independent,"), "
(,CorkNorthCentral,)-[:CONSTITUENCY_OF]->(,ThomasGould,")<-[:MEMBER {role: ""Member""}]-(",SinnFein,"), "
(,GalwayWest,)-[:CONSTITUENCY_OF]->(,NoelGrealish,")<-[:MEMBER {role: ""Member""}]-(",Independent,"), "
(,Louth,)-[:CONSTITUENCY_OF]->(,PatGreene,")<-[:MEMBER {role: ""Member""}]-(",DirectDemocracy,"), "
(,CorkNorthWest,)-[:CONSTITUENCY_OF]->(,ShirleyGriffin,")<-[:MEMBER {role: ""Member""}]-(",Independent,"), "
(,Kerry,)-[:CONSTITUENCY_OF]->(,BrendanGriffin,")<-[:MEMBER {role: ""Member""}]-(",FineGael,"), "
(,SligoLeitrim,)-[:CONSTITUENCY_OF]->(,DesGuckian,")<-[:MEMBER {role: ""Member""}]-(",Independent,"), "
(,DublinBayNorth,)-[:CONSTITUENCY_OF]->(,JimmyGuerin,")<-[:MEMBER {role: ""Member""}]-(",Independent,"), "
(,Clare,)-[:CONSTITUENCY_OF]->(,AndreHakizimana,")<-[:MEMBER {role: ""Member""}]-(",Independent,"), "
(,Waterford,)-[:CONSTITUENCY_OF]->(,JohnHalligan,")<-[:MEMBER {role: ""Member""}]-(",Independent,"), "
(,DúnLaoghaire,)-[:CONSTITUENCY_OF]->(,MaryHanafin,")<-[:MEMBER {role: ""Member""}]-(",FiannaFail,"), "
(,DublinSouthCentral,)-[:CONSTITUENCY_OF]->(,PaulHand,")<-[:MEMBER {role: ""Member""}]-(",Independent,"), "
(,MeathEast,)-[:CONSTITUENCY_OF]->(,DominicHannigan,")<-[:MEMBER {role: ""Member""}]-(",LabourParty,"), "
(,Offaly,)-[:CONSTITUENCY_OF]->(,JoeHannigan,")<-[:MEMBER {role: ""Member""}]-(",Independent,"), "
(,CorkSouthWest,)-[:CONSTITUENCY_OF]->(,NoelHarrington,")<-[:MEMBER {role: ""Member""}]-(",FineGael,"), "
(,CorkSouthCentral ,)-[:CONSTITUENCY_OF]->(,JoeHarris,")<-[:MEMBER {role: ""Member""}]-(",Independent,"), "
(,Wicklow,)-[:CONSTITUENCY_OF]->(,SimonHarris,")<-[:MEMBER {role: ""Member""}]-(",FineGael,"), "
(,Donegal,)-[:CONSTITUENCY_OF]->(,PaddyHarte,")<-[:MEMBER {role: ""Member""}]-(",FineGael,"), "
(,Clare,)-[:CONSTITUENCY_OF]->(,MichaelHarty,")<-[:MEMBER {role: ""Member""}]-(",Independent,"), "
(,CorkEast,)-[:CONSTITUENCY_OF]->(,NatashaHarty,")<-[:MEMBER {role: ""Member""}]-(",Greenparty,"), "
(,DublinBayNorth,)-[:CONSTITUENCY_OF]->(,SeanHaughey,")<-[:MEMBER {role: ""Member""}]-(",FiannaFail,"), "
(,LimerickCity,)-[:CONSTITUENCY_OF]->(,DesmondHayes,")<-[:MEMBER {role: ""Member""}]-(",Independent,"), "
(,Tipperary,)-[:CONSTITUENCY_OF]->(,TomHayes,")<-[:MEMBER {role: ""Member""}]-(",FineGael,"), "
(,DublinMidWest,)-[:CONSTITUENCY_OF]->(,ChristopherHealy,")<-[:MEMBER {role: ""Member""}]-(",DirectDemocracy,"), "
(,LongfordWestmeath,)-[:CONSTITUENCY_OF]->(,StephanieHealy,")<-[:MEMBER {role: ""Member""}]-(",DirectDemocracy,"), "
(,Tipperary,)-[:CONSTITUENCY_OF]->(,SeamusHealy,")<-[:MEMBER {role: ""Member""}]-(",Independent,"), "
(,Kerry,)-[:CONSTITUENCY_OF]->(,MichaelHealyRae,")<-[:MEMBER {role: ""Member""}]-(",Independent,"), "
(,GalwayWest,)-[:CONSTITUENCY_OF]->(,FidelmaHealy-Eames,")<-[:MEMBER {role: ""Member""}]-(",Independent,"), "
(,Kerry,)-[:CONSTITUENCY_OF]->(,DannyHealy-Rae,")<-[:MEMBER {role: ""Member""}]-(",Independent,"), "
(,CorkSouthWest,)-[:CONSTITUENCY_OF]->(,TheresaHeaney,")<-[:MEMBER {role: ""Member""}]-(",CatholicDems,"), "
(,LimerickCounty,)-[:CONSTITUENCY_OF]->(,JamesHeffernan,")<-[:MEMBER {role: ""Member""}]-(",SocialDemocrats,"), "
(,DublinBayNorth,)-[:CONSTITUENCY_OF]->(,DeirdreHeney,")<-[:MEMBER {role: ""Member""}]-(",FiannaFail,"), "
(,LimerickCity,)-[:CONSTITUENCY_OF]->(,SarahJaneHennelly,")<-[:MEMBER {role: ""Member""}]-(",SocialDemocrats,"), "
(,DublinMidWest,)-[:CONSTITUENCY_OF]->(,LorraineHennessy,")<-[:MEMBER {role: ""Member""}]-(",WorkersParty,"), "
(,RoscommonGalway,)-[:CONSTITUENCY_OF]->(,MiriamHennesy,")<-[:MEMBER {role: ""Member""}]-(",Greenparty,"), "
(,KildareSouth,)-[:CONSTITUENCY_OF]->(,MartinHeydon,")<-[:MEMBER {role: ""Member""}]-(",FineGael,"), "
(,GalwayEast,)-[:CONSTITUENCY_OF]->(,LorraineHiggins,")<-[:MEMBER {role: ""Member""}]-(",LabourParty,"), "
(,GalwayWest,)-[:CONSTITUENCY_OF]->(,MaryHoade,")<-[:MEMBER {role: ""Member""}]-(",FiannaFail,"), "
(,LongfordWestmeath,)-[:CONSTITUENCY_OF]->(,PaulHogan,")<-[:MEMBER {role: ""Member""}]-(",SinnFein,"), "
(,Wexford,)-[:CONSTITUENCY_OF]->(,JulieHogan,")<-[:MEMBER {role: ""Member""}]-(",FineGael,"), "
(,DublinSouthWest,)-[:CONSTITUENCY_OF]->(,SarahHolland,")<-[:MEMBER {role: ""Member""}]-(",SinnFein,"), "
(,GalwayWest,)-[:CONSTITUENCY_OF]->(,TommyHolohan,")<-[:MEMBER {role: ""Member""}]-(",PeopleBeforeProfitAllianceAAA,"), "
(,RoscommonGalway,)-[:CONSTITUENCY_OF]->(,MauraHopkins,")<-[:MEMBER {role: ""Member""}]-(",FineGael,"), "
(,CorkSouthCentral ,)-[:CONSTITUENCY_OF]->(,ElizabethHourihane,")<-[:MEMBER {role: ""Member""}]-(",Independent,"), "
(,Clare,)-[:CONSTITUENCY_OF]->(,MaryHoward,")<-[:MEMBER {role: ""Member""}]-(",FineGael,"), "
(,Wexford,)-[:CONSTITUENCY_OF]->(,BrendanHowlin,")<-[:MEMBER {role: ""Member""}]-(",LabourParty,"), "
(,DublinNorthWest,)-[:CONSTITUENCY_OF]->(,BernieHughes,")<-[:MEMBER {role: ""Member""}]-(",Independent,"), "
(,DublinBaySouth,)-[:CONSTITUENCY_OF]->(,KevinHumphreys,")<-[:MEMBER {role: ""Member""}]-(",LabourParty,"), "
(,CavanMonaghan,)-[:CONSTITUENCY_OF]->(,HeatherHumphries,")<-[:MEMBER {role: ""Member""}]-(",FineGael,"), "
(,DúnLaoghaire,)-[:CONSTITUENCY_OF]->(,CarolHunt,")<-[:MEMBER {role: ""Member""}]-(",Independent,"), "
(,Wicklow,)-[:CONSTITUENCY_OF]->(,KatrinaHutchinson,")<-[:MEMBER {role: ""Member""}]-(",DirectDemocracy,"), "
(,Donegal,)-[:CONSTITUENCY_OF]->(,TimJackson,")<-[:MEMBER {role: ""Member""}]-(",Independent,"), "
(,LongfordWestmeath,)-[:CONSTITUENCY_OF]->(,DonalJackson,")<-[:MEMBER {role: ""Member""}]-(",Independent,"), "
(,Mayo,)-[:CONSTITUENCY_OF]->(,PeterJordan,")<-[:MEMBER {role: ""Member""}]-(",Independent,"), "
(,DublinSouthWest,)-[:CONSTITUENCY_OF]->(,PamelaKearns,")<-[:MEMBER {role: ""Member""}]-(",,"), "
(,Wicklow,)-[:CONSTITUENCY_OF]->(,BobKearns,")<-[:MEMBER {role: ""Member""}]-(",Independent,"), "
(,DublinMidWest,)-[:CONSTITUENCY_OF]->(,DerekKeating,")<-[:MEMBER {role: ""Member""}]-(",FineGael,"), "
(,GalwayEast,)-[:CONSTITUENCY_OF]->(,ColmKeaveney,")<-[:MEMBER {role: ""Member""}]-(",FiannaFail,"), "
(,Wicklow,)-[:CONSTITUENCY_OF]->(,CharlieKeddy,")<-[:MEMBER {role: ""Member""}]-(",Independent,"), "
(,DublinNorthWest,)-[:CONSTITUENCY_OF]->(,AndrewKeegan,")<-[:MEMBER {role: ""Member""}]-(",PeopleBeforeProfitAllianceAAA,"), "
(,Wexford,)-[:CONSTITUENCY_OF]->(,PaulKehoe,")<-[:MEMBER {role: ""Member""}]-(",FineGael,"), "
(,DublinBaySouth,)-[:CONSTITUENCY_OF]->(,JohnDominicKeigher,")<-[:MEMBER {role: ""Member""}]-(",Independent,"), "
(,CorkNorthCentral,)-[:CONSTITUENCY_OF]->(,BillyKelleher,")<-[:MEMBER {role: ""Member""}]-(",FiannaFail,"), "
(,DublinFingal,)-[:CONSTITUENCY_OF]->(,TerryKelleher,")<-[:MEMBER {role: ""Member""}]-(",PeopleBeforeProfitAllianceAAA,"), "
(,RoscommonGalway,)-[:CONSTITUENCY_OF]->(,JohnKelly,")<-[:MEMBER {role: ""Member""}]-(",LabourParty,"), "
(,Tipperary,)-[:CONSTITUENCY_OF]->(,AlanKelly,")<-[:MEMBER {role: ""Member""}]-(",LabourParty,"), "
(,Wexford,)-[:CONSTITUENCY_OF]->(,LeonardKelly,")<-[:MEMBER {role: ""Member""}]-(",SocialDemocrats,"), "
(,CorkSouthCentral ,)-[:CONSTITUENCY_OF]->(,CiaranKenneally,")<-[:MEMBER {role: ""Member""}]-(",RenuaIreland,"), "
(,Donegal,)-[:CONSTITUENCY_OF]->(,NiamhKennedy,")<-[:MEMBER {role: ""Member""}]-(",Independent,"), "
(,KildareSouth,)-[:CONSTITUENCY_OF]->(,MaryKennedy,")<-[:MEMBER {role: ""Member""}]-(",RenuaIreland,"), "
(,DublinMidWest,)-[:CONSTITUENCY_OF]->(,GinoKenny,")<-[:MEMBER {role: ""Member""}]-(",PeopleBeforeProfitAllianceAAA,"), "
(,Mayo,)-[:CONSTITUENCY_OF]->(,EndaKenny,")<-[:MEMBER {role: ""Member""}]-(",FineGael,"), "
(,SligoLeitrim,)-[:CONSTITUENCY_OF]->(,MartinKenny,")<-[:MEMBER {role: ""Member""}]-(",SinnFein,"), "
(,MeathEast,)-[:CONSTITUENCY_OF]->(,SharonKeogan,")<-[:MEMBER {role: ""Member""}]-(",Independent,"), "
(,LimerickCounty,)-[:CONSTITUENCY_OF]->(,MarkKeogh,")<-[:MEMBER {role: ""Member""}]-(",DirectDemocracy,"), "
(,CorkNorthCentral,)-[:CONSTITUENCY_OF]->(,GerKeohane,")<-[:MEMBER {role: ""Member""}]-(",Independent,"), "
(,RoscommonGalway,)-[:CONSTITUENCY_OF]->(,ClaireKerrane,")<-[:MEMBER {role: ""Member""}]-(",SinnFein,"), "
(,DublinCentral,)-[:CONSTITUENCY_OF]->(,GuinanKerry,")<-[:MEMBER {role: ""Member""}]-(",Independent,"), "
(,DublinMidWest,)-[:CONSTITUENCY_OF]->(,HaroonKhan,")<-[:MEMBER {role: ""Member""}]-(",Independent,"), "
(,CorkNorthCentral,)-[:CONSTITUENCY_OF]->(,ThomasKiely,")<-[:MEMBER {role: ""Member""}]-(",Independent,"), "
(,DublinMidWest,)-[:CONSTITUENCY_OF]->(,TomKivlehan,")<-[:MEMBER {role: ""Member""}]-(",Greenparty,"), "
(,GalwayWest,)-[:CONSTITUENCY_OF]->(,SeáinKyne,")<-[:MEMBER {role: ""Member""}]-(",FineGael,"), "
(,DublinSouthWest,)-[:CONSTITUENCY_OF]->(,JohnLahart,")<-[:MEMBER {role: ""Member""}]-(",FiannaFail,"), "
(,MeathWest,)-[:CONSTITUENCY_OF]->(,AlanLawes,")<-[:MEMBER {role: ""Member""}]-(",DirectDemocracy,"), "
(,KildareNorth,)-[:CONSTITUENCY_OF]->(,JamesLawless,")<-[:MEMBER {role: ""Member""}]-(",FiannaFail,"), "
(,KildareNorth,)-[:CONSTITUENCY_OF]->(,AnthonyLawlor,")<-[:MEMBER {role: ""Member""}]-(",FineGael,"), "
(,Independent,)-[:CONSTITUENCY_OF]->(,RoseLeadbetter,")<-[:MEMBER {role: ""Member""}]-(",,"), "
(,Offaly,)-[:CONSTITUENCY_OF]->(,JohnLeahy,")<-[:MEMBER {role: ""Member""}]-(",RenuaIreland,"), "
(,DublinMidWest,)-[:CONSTITUENCY_OF]->(,ClareLeonard,")<-[:MEMBER {role: ""Member""}]-(",Independent,"), "
(,CorkEast,)-[:CONSTITUENCY_OF]->(,CiaraLeonardiRoche,")<-[:MEMBER {role: ""Member""}]-(",PeopleBeforeProfitAllianceAAA,"), "
(,CorkEast,)-[:CONSTITUENCY_OF]->(,MaryLinehanFoley,")<-[:MEMBER {role: ""Member""}]-(",Independent,"), "
(,Wexford,)-[:CONSTITUENCY_OF]->(,DavidLloyd,")<-[:MEMBER {role: ""Member""}]-(",DirectDemocracy,"), "
(,Tipperary,)-[:CONSTITUENCY_OF]->(,MichaelLowry,")<-[:MEMBER {role: ""Member""}]-(",Independent,"), "
(,Clare,)-[:CONSTITUENCY_OF]->(,IanLynch,")<-[:MEMBER {role: ""Member""}]-(",Independent,"), "
(,CorkNorthCentral,)-[:CONSTITUENCY_OF]->(,KathleenLynch,")<-[:MEMBER {role: ""Member""}]-(",LabourParty,"), "
(,CorkSouthCentral ,)-[:CONSTITUENCY_OF]->(,CiaranLynch,")<-[:MEMBER {role: ""Member""}]-(",LabourParty,"), "
(,DublinBaySouth,)-[:CONSTITUENCY_OF]->(,GlennaLynch,")<-[:MEMBER {role: ""Member""}]-(",SocialDemocrats,"), "
(,DublinBayNorth,)-[:CONSTITUENCY_OF]->(,JohnLyons,")<-[:MEMBER {role: ""Member""}]-(",PeopleBeforeProfitAllianceAAA,"), "
(,DublinNorthWest,)-[:CONSTITUENCY_OF]->(,JohnLyons,")<-[:MEMBER {role: ""Member""}]-(",LabourParty,"), "
(,DublinBayNorth,)-[:CONSTITUENCY_OF]->(,MicheálMacDonncha,")<-[:MEMBER {role: ""Member""}]-(",SinnFein,"), "
(,CarlowKilkenny,)-[:CONSTITUENCY_OF]->(,ConorMacLiam,")<-[:MEMBER {role: ""Member""}]-(",PeopleBeforeProfitAllianceAAA,"), "
(,DublinNorthWest,)-[:CONSTITUENCY_OF]->(,CormacMacKay,")<-[:MEMBER {role: ""Member""}]-(",DirectDemocracy,"), "
(,Donegal,)-[:CONSTITUENCY_OF]->(,PadraigMacLochlainn,")<-[:MEMBER {role: ""Member""}]-(",SinnFein,"), "
(,SligoLeitrim,)-[:CONSTITUENCY_OF]->(,ChrisMacManus,")<-[:MEMBER {role: ""Member""}]-(",SinnFein,"), "
(,SligoLeitrim,)-[:CONSTITUENCY_OF]->(,MarcMacSharry,")<-[:MEMBER {role: ""Member""}]-(",FiannaFail,"), "
(,DublinBaySouth,)-[:CONSTITUENCY_OF]->(,AlanMacStiofain,")<-[:MEMBER {role: ""Member""}]-(",Independent,"), "
(,DublinRathdown,)-[:CONSTITUENCY_OF]->(,JosephaMadigan,")<-[:MEMBER {role: ""Member""}]-(",FineGael,"), "
(,LongfordWestmeath,)-[:CONSTITUENCY_OF]->(,Manchá¡nMagan,")<-[:MEMBER {role: ""Member""}]-(",Greenparty,"), "
(,MeathWest,)-[:CONSTITUENCY_OF]->(,JohnMalone,")<-[:MEMBER {role: ""Member""}]-(",Independent,"), "
(,DublinSouthWest,)-[:CONSTITUENCY_OF]->(,EamonnMaloney,")<-[:MEMBER {role: ""Member""}]-(",Independent,"), "
(,CarlowKilkenny,)-[:CONSTITUENCY_OF]->(,PaddyManning,")<-[:MEMBER {role: ""Member""}]-(",Independent,"), "
(,CorkNorthWest,)-[:CONSTITUENCY_OF]->(,CormacManning,")<-[:MEMBER {role: ""Member""}]-(",Greenparty,"), "
(,Mayo,)-[:CONSTITUENCY_OF]->(,StephenManning,")<-[:MEMBER {role: ""Member""}]-(",Independent,"), "
(,CorkSouthCentral ,)-[:CONSTITUENCY_OF]->(,MicheálMartin,")<-[:MEMBER {role: ""Member""}]-(",FiannaFail,"), "
(,DublinFingal,)-[:CONSTITUENCY_OF]->(,BarryMartin,")<-[:MEMBER {role: ""Member""}]-(",IndependentsForChange,"), "
(,DublinRathdown,)-[:CONSTITUENCY_OF]->(,CatherineMartin,")<-[:MEMBER {role: ""Member""}]-(",Greenparty,"), "
(,DublinRathdown,)-[:CONSTITUENCY_OF]->(,PeterMatthews,")<-[:MEMBER {role: ""Member""}]-(",Independent,"), "
(,Wicklow,)-[:CONSTITUENCY_OF]->(,StevenMatthews,")<-[:MEMBER {role: ""Member""}]-(",Greenparty,"), "
(,DublinNorthWest,)-[:CONSTITUENCY_OF]->(,PaulMcAuliffe,")<-[:MEMBER {role: ""Member""}]-(",FiannaFail,"), "
(,Donegal,)-[:CONSTITUENCY_OF]->(,FrankMcBrearty,")<-[:MEMBER {role: ""Member""}]-(",Independent,"), "
(,CorkEast,)-[:CONSTITUENCY_OF]->(,NoelMcCarthy,")<-[:MEMBER {role: ""Member""}]-(",FineGael,"), "
(,CorkEast,)-[:CONSTITUENCY_OF]->(,KieranMcCarthy,")<-[:MEMBER {role: ""Member""}]-(",Independent,"), "
(,CorkSouthWest,)-[:CONSTITUENCY_OF]->(,MichaelMcCarthy,")<-[:MEMBER {role: ""Member""}]-(",LabourParty,"), "
(,CorkSouthWest,)-[:CONSTITUENCY_OF]->(,RachelMcCarthy,")<-[:MEMBER {role: ""Member""}]-(",SinnFein,"), "
(,Donegal,)-[:CONSTITUENCY_OF]->(,CharlieMcConalogue,")<-[:MEMBER {role: ""Member""}]-(",FiannaFail,"), "
(,CavanMonaghan,)-[:CONSTITUENCY_OF]->(,MickMcDermott,")<-[:MEMBER {role: ""Member""}]-(",DirectDemocracy,"), "
(,Clare,)-[:CONSTITUENCY_OF]->(,MichaelMcDonagh,")<-[:MEMBER {role: ""Member""}]-(",FiannaFail,"), "
(,MeathEast,)-[:CONSTITUENCY_OF]->(,SeamusMcDonagh,")<-[:MEMBER {role: ""Member""}]-(",WorkersParty,"), "
(,DublinCentral,)-[:CONSTITUENCY_OF]->(,MaryLouMcDonald,")<-[:MEMBER {role: ""Member""}]-(",SinnFein,"), "
(,MeathWest,)-[:CONSTITUENCY_OF]->(,TracyMcElhinney,")<-[:MEMBER {role: ""Member""}]-(",LabourParty,"), "
(,KildareSouth,)-[:CONSTITUENCY_OF]->(,SuzanneMcEneaney,")<-[:MEMBER {role: ""Member""}]-(",Greenparty,"), "
(,MeathEast,)-[:CONSTITUENCY_OF]->(,HelenMcEntee,")<-[:MEMBER {role: ""Member""}]-(",FineGael,"), "
(,LongfordWestmeath,)-[:CONSTITUENCY_OF]->(,GabrielleMcFadden,")<-[:MEMBER {role: ""Member""}]-(",FineGael,"), "
(,Donegal,)-[:CONSTITUENCY_OF]->(,IanMcGarvey,")<-[:MEMBER {role: ""Member""}]-(",Independent,"), "
(,CorkSouthCentral ,)-[:CONSTITUENCY_OF]->(,MichaelMcGrath,")<-[:MEMBER {role: ""Member""}]-(",FiannaFail,"), "
(,DublinBayNorth,)-[:CONSTITUENCY_OF]->(,FinianMcGrath,")<-[:MEMBER {role: ""Member""}]-(",Independent,"), "
(,Tipperary,)-[:CONSTITUENCY_OF]->(,MattieMcGrath,")<-[:MEMBER {role: ""Member""}]-(",Independent,"), "
(,CarlowKilkenny,)-[:CONSTITUENCY_OF]->(,JohnMcGuinness,")<-[:MEMBER {role: ""Member""}]-(",FiannaFail,"), "
(,DublinWest,)-[:CONSTITUENCY_OF]->(,DavidMcGuinness,")<-[:MEMBER {role: ""Member""}]-(",Independent,"), "
(,Donegal,)-[:CONSTITUENCY_OF]->(,JoeMcHugh,")<-[:MEMBER {role: ""Member""}]-(",FineGael,"), "
(,DublinCentral,)-[:CONSTITUENCY_OF]->(,CormacMcKay,")<-[:MEMBER {role: ""Member""}]-(",Independent,"), "
(,CarlowKilkenny,)-[:CONSTITUENCY_OF]->(,PatrickMcKee,")<-[:MEMBER {role: ""Member""}]-(",RenuaIreland,"), "
(,LongfordWestmeath,)-[:CONSTITUENCY_OF]->(,NoelMcKervey,")<-[:MEMBER {role: ""Member""}]-(",CatholicDems,"), "
(,SligoLeitrim,)-[:CONSTITUENCY_OF]->(,TonyMcLoughlin,")<-[:MEMBER {role: ""Member""}]-(",FineGael,"), "
(,KildareSouth,)-[:CONSTITUENCY_OF]->(,FionaMcLoughlin-Healy,")<-[:MEMBER {role: ""Member""}]-(",FineGael,"), "
(,DublinSouthWest,)-[:CONSTITUENCY_OF]->(,RonanMcMahon,")<-[:MEMBER {role: ""Member""}]-(",RenuaIreland,"), "
(,MeathWest,)-[:CONSTITUENCY_OF]->(,SeamusMcMenamin,")<-[:MEMBER {role: ""Member""}]-(",Greenparty,"), "
(,DublinMidWest,)-[:CONSTITUENCY_OF]->(,Anne-MarieMcNally,")<-[:MEMBER {role: ""Member""}]-(",SocialDemocrats,"), "
(,Clare,)-[:CONSTITUENCY_OF]->(,MichaelMcNamara,")<-[:MEMBER {role: ""Member""}]-(",LabourParty,"), "
(,CavanMonaghan,)-[:CONSTITUENCY_OF]->(,JimmyMee,")<-[:MEMBER {role: ""Member""}]-(",Independent,"), "
(,GalwayEast,)-[:CONSTITUENCY_OF]->(,AengusMelia,")<-[:MEMBER {role: ""Member""}]-(",DirectDemocracy,"), "
(,KildareNorth,)-[:CONSTITUENCY_OF]->(,AshlingMerriman,")<-[:MEMBER {role: ""Member""}]-(",PeopleBeforeProfitAllianceAAA,"), "
(,LongfordWestmeath,)-[:CONSTITUENCY_OF]->(,JamesMiller,")<-[:MEMBER {role: ""Member""}]-(",Independent,"), "
(,DublinBayNorth,)-[:CONSTITUENCY_OF]->(,DeniseMitchell,")<-[:MEMBER {role: ""Member""}]-(",SinnFein,"), "
(,DúnLaoghaire,)-[:CONSTITUENCY_OF]->(,MaryMitchell-OConnor,")<-[:MEMBER {role: ""Member""}]-(",FineGael,"), "
(,CorkSouthCentral ,)-[:CONSTITUENCY_OF]->(,MichaelMohally,")<-[:MEMBER {role: ""Member""}]-(",Independent,"), "
(,DublinFingal,)-[:CONSTITUENCY_OF]->(,GerryMolloy,")<-[:MEMBER {role: ""Member""}]-(",RenuaIreland,"), "
(,Wexford,)-[:CONSTITUENCY_OF]->(,EmmetMoloney,")<-[:MEMBER {role: ""Member""}]-(",Independent,"), "
(,Donegal,)-[:CONSTITUENCY_OF]->(,MichaelMooney,")<-[:MEMBER {role: ""Member""}]-(",Independent,"), "
(,DublinBaySouth,)-[:CONSTITUENCY_OF]->(,AnnetteMooney,")<-[:MEMBER {role: ""Member""}]-(",PeopleBeforeProfitAllianceAAA,"), "
(,Laois,)-[:CONSTITUENCY_OF]->(,SineadMoore,")<-[:MEMBER {role: ""Member""}]-(",Greenparty,"), "
(,Clare,)-[:CONSTITUENCY_OF]->(,NoeleenMoran,")<-[:MEMBER {role: ""Member""}]-(",SinnFein,"), "
(,CorkNorthCentral,)-[:CONSTITUENCY_OF]->(,OliverMoran,")<-[:MEMBER {role: ""Member""}]-(",Greenparty,"), "
(,LongfordWestmeath,)-[:CONSTITUENCY_OF]->(,KevinMoran,")<-[:MEMBER {role: ""Member""}]-(",Independent,"), "
(,Louth,)-[:CONSTITUENCY_OF]->(,MaryMoran,")<-[:MEMBER {role: ""Member""}]-(",LabourParty,"), "
(,Mayo,)-[:CONSTITUENCY_OF]->(,TomMoran,")<-[:MEMBER {role: ""Member""}]-(",PeopleBeforeProfitAllianceAAA,"), "
(,LongfordWestmeath,)-[:CONSTITUENCY_OF]->(,JamesMorgan,")<-[:MEMBER {role: ""Member""}]-(",Independent,"), "
(,Kerry,)-[:CONSTITUENCY_OF]->(,NormaMoriarty,")<-[:MEMBER {role: ""Member""}]-(",FiannaFail,"), "
(,Tipperary,)-[:CONSTITUENCY_OF]->(,SeamusMorris,")<-[:MEMBER {role: ""Member""}]-(",SinnFein,"), "
(,CorkNorthWest,)-[:CONSTITUENCY_OF]->(,MichaelMoynihan,")<-[:MEMBER {role: ""Member""}]-(",FiannaFail,"), "
(,CorkNorthWest,)-[:CONSTITUENCY_OF]->(,AindriasMoynihan,")<-[:MEMBER {role: ""Member""}]-(",FiannaFail,"), "
(,Mayo,)-[:CONSTITUENCY_OF]->(,MichelleMulherin,")<-[:MEMBER {role: ""Member""}]-(",FineGael,"), "
(,Clare,)-[:CONSTITUENCY_OF]->(,DermotMulqueen,")<-[:MEMBER {role: ""Member""}]-(",Independent,"), "
(,Louth,)-[:CONSTITUENCY_OF]->(,ImeldaMunster,")<-[:MEMBER {role: ""Member""}]-(",SinnFein,"), "
(,CarlowKilkenny,)-[:CONSTITUENCY_OF]->(,JenniferMurnaneOConnor,")<-[:MEMBER {role: ""Member""}]-(",FiannaFail,"), "
(,CorkNorthCentral,)-[:CONSTITUENCY_OF]->(,DaraMurphy,")<-[:MEMBER {role: ""Member""}]-(",FineGael,"), "
(,CorkNorthCentral,)-[:CONSTITUENCY_OF]->(,MickMurphy,")<-[:MEMBER {role: ""Member""}]-(",Independent,"), "
(,DublinBaySouth,)-[:CONSTITUENCY_OF]->(,EoghanMurphy,")<-[:MEMBER {role: ""Member""}]-(",FineGael,"), "
(,DublinSouthWest,)-[:CONSTITUENCY_OF]->(,PaulMurphy,")<-[:MEMBER {role: ""Member""}]-(",PeopleBeforeProfitAllianceAAA,"), "
(,Kerry,)-[:CONSTITUENCY_OF]->(,KevinMurphy,")<-[:MEMBER {role: ""Member""}]-(",Independent,"), "
(,KildareNorth,)-[:CONSTITUENCY_OF]->(,CatherineMurphy,")<-[:MEMBER {role: ""Member""}]-(",SocialDemocrats,"), "
(,RoscommonGalway,)-[:CONSTITUENCY_OF]->(,EugeneMurphy,")<-[:MEMBER {role: ""Member""}]-(",FiannaFail,"), "
(,Tipperary,)-[:CONSTITUENCY_OF]->(,MarieMurphy,")<-[:MEMBER {role: ""Member""}]-(",FineGael,"), "
(,DublinFingal,)-[:CONSTITUENCY_OF]->(,TonyMurphy,")<-[:MEMBER {role: ""Member""}]-(",Independent,"), "
(,CorkSouthWest,)-[:CONSTITUENCY_OF]->(,MargaretMurphyOMahony,")<-[:MEMBER {role: ""Member""}]-(",FiannaFail,"), "
(,DublinSouthCentral,)-[:CONSTITUENCY_OF]->(,RichardMurray,")<-[:MEMBER {role: ""Member""}]-(",Independent,"), "
(,SligoLeitrim,)-[:CONSTITUENCY_OF]->(,EamonMurray,")<-[:MEMBER {role: ""Member""}]-(",Independent,"), "
(,Wexford,)-[:CONSTITUENCY_OF]->(,JohnnyMythen,")<-[:MEMBER {role: ""Member""}]-(",SinnFein,"), "
(,Louth,)-[:CONSTITUENCY_OF]->(,GeraldNash,")<-[:MEMBER {role: ""Member""}]-(",LabourParty,"), "
(,GalwayWest,)-[:CONSTITUENCY_OF]->(,HildegardeNaughten,")<-[:MEMBER {role: ""Member""}]-(",FineGael,"), "
(,RoscommonGalway,)-[:CONSTITUENCY_OF]->(,DenisNaughten,")<-[:MEMBER {role: ""Member""}]-(",Independent,"), "
(,LimerickCounty,)-[:CONSTITUENCY_OF]->(,TomNeville,")<-[:MEMBER {role: ""Member""}]-(",FineGael,"), "
(,GalwayEast,)-[:CONSTITUENCY_OF]->(,MairéadNiChroinin,")<-[:MEMBER {role: ""Member""}]-(",Greenparty,"), "
(,DublinRathdown,)-[:CONSTITUENCY_OF]->(,SorchaNicCormaic,")<-[:MEMBER {role: ""Member""}]-(",SinnFein,"), "
(,Donegal,)-[:CONSTITUENCY_OF]->(,CordeliaNicFhearraigh,")<-[:MEMBER {role: ""Member""}]-(",Fís Nua,"), "
(,GalwayWest,)-[:CONSTITUENCY_OF]->(,DerekNolan,")<-[:MEMBER {role: ""Member""}]-(",LabourParty,"), "
(,Offaly,)-[:CONSTITUENCY_OF]->(,CarolNolan,")<-[:MEMBER {role: ""Member""}]-(",SinnFein,"), "
(,CarlowKilkenny,)-[:CONSTITUENCY_OF]->(,MalcolmNoonan,")<-[:MEMBER {role: ""Member""}]-(",Greenparty,"), "
(,LimerickCity,)-[:CONSTITUENCY_OF]->(,MichaelNoonan,")<-[:MEMBER {role: ""Member""}]-(",FineGael,"), "
(,DublinWest,)-[:CONSTITUENCY_OF]->(,CatherineNoone,")<-[:MEMBER {role: ""Member""}]-(",FineGael,"), "
(,Clare,)-[:CONSTITUENCY_OF]->(,AnnNorton,")<-[:MEMBER {role: ""Member""}]-(",Independent,"), "
(,Mayo,)-[:CONSTITUENCY_OF]->(,GerryOBoyle,")<-[:MEMBER {role: ""Member""}]-(",Independent,"), "
(,Clare,)-[:CONSTITUENCY_OF]->(,NiamhOBrien,")<-[:MEMBER {role: ""Member""}]-(",Fís Nua,"), "
(,CorkNorthCentral,)-[:CONSTITUENCY_OF]->(,JohnathanOBrien,")<-[:MEMBER {role: ""Member""}]-(",SinnFein,"), "
(,DublinBayNorth,)-[:CONSTITUENCY_OF]->(,MichaelOBrien,")<-[:MEMBER {role: ""Member""}]-(",PeopleBeforeProfitAllianceAAA,"), "
(,DublinFingal,)-[:CONSTITUENCY_OF]->(,DarraghOBrien,")<-[:MEMBER {role: ""Member""}]-(",FiannaFail,"), "
(,DublinFingal,)-[:CONSTITUENCY_OF]->(,JoeOBrien,")<-[:MEMBER {role: ""Member""}]-(",Greenparty,"), "
(,DublinWest,)-[:CONSTITUENCY_OF]->(,JoOBrien,")<-[:MEMBER {role: ""Member""}]-(",RenuaIreland,"), "
(,LimerickCounty,)-[:CONSTITUENCY_OF]->(,EmmettOBrien,")<-[:MEMBER {role: ""Member""}]-(",Independent,"), "
(,DúnLaoghaire,)-[:CONSTITUENCY_OF]->(,ShaneOBrien,")<-[:MEMBER {role: ""Member""}]-(",SinnFein,"), "
(,DublinMidWest,)-[:CONSTITUENCY_OF]->(,EoinOBroin,")<-[:MEMBER {role: ""Member""}]-(",SinnFein,"), "
(,MeathEast,)-[:CONSTITUENCY_OF]->(,SeanOBuachalla,")<-[:MEMBER {role: ""Member""}]-(",Greenparty,"), "
(,CorkSouthCentral ,)-[:CONSTITUENCY_OF]->(,DiarmaidOCadhla,")<-[:MEMBER {role: ""Member""}]-(",Independent,"), "
(,DublinBayNorth,)-[:CONSTITUENCY_OF]->(,CianOCallaghan,")<-[:MEMBER {role: ""Member""}]-(",SocialDemocrats,"), "
(,DublinBaySouth,)-[:CONSTITUENCY_OF]->(,JimOCallaghan,")<-[:MEMBER {role: ""Member""}]-(",FiannaFail,"), "
(,CavanMonaghan,)-[:CONSTITUENCY_OF]->(,CaoimhghínOCaoláin,")<-[:MEMBER {role: ""Member""}]-(",SinnFein,"), "
(,GalwayWest,)-[:CONSTITUENCY_OF]->(,TrevorOClochartaigh,")<-[:MEMBER {role: ""Member""}]-(",SinnFein,"), "
(,CavanMonaghan,)-[:CONSTITUENCY_OF]->(,AoifeOConnell,")<-[:MEMBER {role: ""Member""}]-(",DirectDemocracy,"), "
(,CorkSouthCentral ,)-[:CONSTITUENCY_OF]->(,JimOConnell,")<-[:MEMBER {role: ""Member""}]-(",PeopleBeforeProfitAllianceAAA,"), "
(,DublinBaySouth,)-[:CONSTITUENCY_OF]->(,KateOConnell,")<-[:MEMBER {role: ""Member""}]-(",FineGael,"), "
(,DublinFingal,)-[:CONSTITUENCY_OF]->(,FergalOConnell,")<-[:MEMBER {role: ""Member""}]-(",Independent,"), "
(,DublinBayNorth,)-[:CONSTITUENCY_OF]->(,ProinsiasOConnor,")<-[:MEMBER {role: ""Member""}]-(",Independent,"), "
(,GalwayWest,)-[:CONSTITUENCY_OF]->(,EamonOCuiv,")<-[:MEMBER {role: ""Member""}]-(",FiannaFail,"), "
(,LimerickCity,)-[:CONSTITUENCY_OF]->(,WillieODea,")<-[:MEMBER {role: ""Member""}]-(",FiannaFail,"), "
(,CorkNorthWest,)-[:CONSTITUENCY_OF]->(,MichaelODonnell,")<-[:MEMBER {role: ""Member""}]-(",Communist Party of Ireland,"), "
(,Kerry,)-[:CONSTITUENCY_OF]->(,GraceODonnell,")<-[:MEMBER {role: ""Member""}]-(",FineGael,"), "
(,LimerickCity,)-[:CONSTITUENCY_OF]->(,KieranODonnell,")<-[:MEMBER {role: ""Member""}]-(",FineGael,"), "
(,LimerickCounty,)-[:CONSTITUENCY_OF]->(,RichardODonoghue,")<-[:MEMBER {role: ""Member""}]-(",Independent,"), "
(,DublinSouthWest,)-[:CONSTITUENCY_OF]->(,DeirdreODonovan,")<-[:MEMBER {role: ""Member""}]-(",Independent,"), "
(,LimerickCounty,)-[:CONSTITUENCY_OF]->(,PatrickODonovan,")<-[:MEMBER {role: ""Member""}]-(",FineGael,"), "
(,Louth,)-[:CONSTITUENCY_OF]->(,FergusODowd,")<-[:MEMBER {role: ""Member""}]-(",FineGael,"), "
(,Louth,)-[:CONSTITUENCY_OF]->(,MichaelODowd,")<-[:MEMBER {role: ""Member""}]-(",RenuaIreland,"), "
(,DublinCentral,)-[:CONSTITUENCY_OF]->(,DianaODwyer,")<-[:MEMBER {role: ""Member""}]-(",PeopleBeforeProfitAllianceAAA,"), "
(,KildareSouth,)-[:CONSTITUENCY_OF]->(,SeanOFearghail,")<-[:MEMBER {role: ""Member""}]-(",FiannaFail,"), "
(,CorkNorthWest,)-[:CONSTITUENCY_OF]->(,DiarmuidOFlynn,")<-[:MEMBER {role: ""Member""}]-(",Independent,"), "
(,DublinSouthWest,)-[:CONSTITUENCY_OF]->(,FrankOGorman,")<-[:MEMBER {role: ""Member""}]-(",Independent,"), "
(,DublinWest,)-[:CONSTITUENCY_OF]->(,RodericOGorman,")<-[:MEMBER {role: ""Member""}]-(",Greenparty,"), "
(,Kerry,)-[:CONSTITUENCY_OF]->(,MichaelOGorman,")<-[:MEMBER {role: ""Member""}]-(",Independent,"), "
(,LimerickCounty,)-[:CONSTITUENCY_OF]->(,JohnOGorman,")<-[:MEMBER {role: ""Member""}]-(",Independent,"), "
(,DublinSouthCentral,)-[:CONSTITUENCY_OF]->(,OisinOhAlmhain,")<-[:MEMBER {role: ""Member""}]-(",Greenparty,"), "
(,SligoLeitrim,)-[:CONSTITUENCY_OF]->(,BernieOHara,")<-[:MEMBER {role: ""Member""}]-(",Independent,"), "
(,SligoLeitrim,)-[:CONSTITUENCY_OF]->(,LeslieOHora,")<-[:MEMBER {role: ""Member""}]-(",Greenparty,"), "
(,CorkEast,)-[:CONSTITUENCY_OF]->(,KevinOKeefe,")<-[:MEMBER {role: ""Member""}]-(",FiannaFail,"), "
(,SligoLeitrim,)-[:CONSTITUENCY_OF]->(,SusanOKeefe,")<-[:MEMBER {role: ""Member""}]-(",LabourParty,"), "
(,CorkSouthCentral ,)-[:CONSTITUENCY_OF]->(,DonnchadhOLaoghaire,")<-[:MEMBER {role: ""Member""}]-(",SinnFein,"), "
(,CorkNorthCentral,)-[:CONSTITUENCY_OF]->(,JulieOLeary,")<-[:MEMBER {role: ""Member""}]-(",FineGael,"), "
(,CorkNorthCentral,)-[:CONSTITUENCY_OF]->(,PaddyOLeary,")<-[:MEMBER {role: ""Member""}]-(",RenuaIreland,"), "
(,CorkSouthWest,)-[:CONSTITUENCY_OF]->(,FionaOLeary,")<-[:MEMBER {role: ""Member""}]-(",Independent,"), "
(,CorkNorthCentral,)-[:CONSTITUENCY_OF]->(,PeterOLoughlin,")<-[:MEMBER {role: ""Member""}]-(",Independent,"), "
(,KildareSouth,)-[:CONSTITUENCY_OF]->(,FionaOLoughlin,")<-[:MEMBER {role: ""Member""}]-(",FiannaFail,"), "
(,CorkSouthWest,)-[:CONSTITUENCY_OF]->(,JohnnyOMahony,")<-[:MEMBER {role: ""Member""}]-(",Greenparty,"), "
(,GalwayWest,)-[:CONSTITUENCY_OF]->(,JohnOMahony,")<-[:MEMBER {role: ""Member""}]-(",FineGael,"), "
(,Mayo,)-[:CONSTITUENCY_OF]->(,GeorgeOMalley,")<-[:MEMBER {role: ""Member""}]-(",Independent,"), "
(,DublinBayNorth,)-[:CONSTITUENCY_OF]->(,NaoiseOMuirí,")<-[:MEMBER {role: ""Member""}]-(",FineGael,"), "
(,DublinBayNorth,)-[:CONSTITUENCY_OF]->(,DamienONeill,")<-[:MEMBER {role: ""Member""}]-(",Independent,"), "
(,GalwayWest,)-[:CONSTITUENCY_OF]->(,RuairiONeill,")<-[:MEMBER {role: ""Member""}]-(",DirectDemocracy,"), "
(,MeathEast,)-[:CONSTITUENCY_OF]->(,AislingONeill,")<-[:MEMBER {role: ""Member""}]-(",SocialDemocrats,"), "
(,CavanMonaghan,)-[:CONSTITUENCY_OF]->(,JoeOReilly,")<-[:MEMBER {role: ""Member""}]-(",FineGael,"), "
(,DublinFingal,)-[:CONSTITUENCY_OF]->(,LouiseOReilly,")<-[:MEMBER {role: ""Member""}]-(",SinnFein,"), "
(,DublinBayNorth,)-[:CONSTITUENCY_OF]->(,AodhánORíordáin,")<-[:MEMBER {role: ""Member""}]-(",LabourParty,"), "
(,CorkNorthWest,)-[:CONSTITUENCY_OF]->(,StevenORiordan,")<-[:MEMBER {role: ""Member""}]-(",Independent,"), "
(,KildareNorth,)-[:CONSTITUENCY_OF]->(,FrankORourke,")<-[:MEMBER {role: ""Member""}]-(",FiannaFail,"), "
(,MeathEast,)-[:CONSTITUENCY_OF]->(,DarrenORourke,")<-[:MEMBER {role: ""Member""}]-(",SinnFein,"), "
(,SligoLeitrim,)-[:CONSTITUENCY_OF]->(,PaddyORourke,")<-[:MEMBER {role: ""Member""}]-(",FiannaFail,"), "
(,CorkNorthWest,)-[:CONSTITUENCY_OF]->(,JohnPaulOShea,")<-[:MEMBER {role: ""Member""}]-(",Independent,"), "
(,DublinSouthCentral,)-[:CONSTITUENCY_OF]->(,AengusOSnodaigh,")<-[:MEMBER {role: ""Member""}]-(",SinnFein,"), "
(,CorkNorthWest,)-[:CONSTITUENCY_OF]->(,JerryOSullivan,")<-[:MEMBER {role: ""Member""}]-(",Independent,"), "
(,DublinCentral,)-[:CONSTITUENCY_OF]->(,MaureenOSullivan,")<-[:MEMBER {role: ""Member""}]-(",Independent,"), "
(,KildareNorth,)-[:CONSTITUENCY_OF]->(,ElizabethOSullivan,")<-[:MEMBER {role: ""Member""}]-(",Independent,"), "
(,LimerickCity,)-[:CONSTITUENCY_OF]->(,JanOSullivan,")<-[:MEMBER {role: ""Member""}]-(",LabourParty,"), "
(,Waterford,)-[:CONSTITUENCY_OF]->(,GraceOSullivan,")<-[:MEMBER {role: ""Member""}]-(",Greenparty,"), "
(,GalwayWest,)-[:CONSTITUENCY_OF]->(,NiallOTuathail,")<-[:MEMBER {role: ""Member""}]-(",SocialDemocrats,"), "
(,LongfordWestmeath,)-[:CONSTITUENCY_OF]->(,DomParker,")<-[:MEMBER {role: ""Member""}]-(",PeopleBeforeProfitAllianceAAA,"), "
(,LongfordWestmeath,)-[:CONSTITUENCY_OF]->(,WilliePenrose,")<-[:MEMBER {role: ""Member""}]-(",LabourParty,"), "
(,DublinCentral,)-[:CONSTITUENCY_OF]->(,CieranPerry,")<-[:MEMBER {role: ""Member""}]-(",Independent,"), "
(,SligoLeitrim,)-[:CONSTITUENCY_OF]->(,JohnPerry,")<-[:MEMBER {role: ""Member""}]-(",FineGael,"), "
(,CarlowKilkenny,)-[:CONSTITUENCY_OF]->(,JohnPaulPhelan,")<-[:MEMBER {role: ""Member""}]-(",FineGael,"), "
(,CarlowKilkenny,)-[:CONSTITUENCY_OF]->(,AnnPhelan,")<-[:MEMBER {role: ""Member""}]-(",LabourParty,"), "
(,CorkSouthWest,)-[:CONSTITUENCY_OF]->(,GillianPowell,")<-[:MEMBER {role: ""Member""}]-(",Independent,"), "
(,DublinBayNorth,)-[:CONSTITUENCY_OF]->(,AverilPower,")<-[:MEMBER {role: ""Member""}]-(",Independent,"), "
(,Waterford,)-[:CONSTITUENCY_OF]->(,MailoPower,")<-[:MEMBER {role: ""Member""}]-(",RenuaIreland,"), "
(,LimerickCity,)-[:CONSTITUENCY_OF]->(,CianPrendiville,")<-[:MEMBER {role: ""Member""}]-(",PeopleBeforeProfitAllianceAAA,"), "
(,Donegal,)-[:CONSTITUENCY_OF]->(,ThomasPringle,")<-[:MEMBER {role: ""Member""}]-(",Independent,"), "
(,DublinSouthWest,)-[:CONSTITUENCY_OF]->(,KieranAdamQuigley,")<-[:MEMBER {role: ""Member""}]-(",Independent,"), "
(,Waterford,)-[:CONSTITUENCY_OF]->(,EdwardQuilty,")<-[:MEMBER {role: ""Member""}]-(",DirectDemocracy,"), "
(,LimerickCity,)-[:CONSTITUENCY_OF]->(,MauriceQuinlivan,")<-[:MEMBER {role: ""Member""}]-(",SinnFein,"), "
(,GalwayEast,)-[:CONSTITUENCY_OF]->(,AnneRabbitte,")<-[:MEMBER {role: ""Member""}]-(",FiannaFail,"), "
(,DublinBayNorth,)-[:CONSTITUENCY_OF]->(,StephanieBernadetteRegan,")<-[:MEMBER {role: ""Member""}]-(",FineGael,"), "
(,DublinFingal,)-[:CONSTITUENCY_OF]->(,JamesReilly,")<-[:MEMBER {role: ""Member""}]-(",FineGael,"), "
(,CavanMonaghan,)-[:CONSTITUENCY_OF]->(,KathrynReilly,")<-[:MEMBER {role: ""Member""}]-(",SinnFein,"), "
(,SligoLeitrim,)-[:CONSTITUENCY_OF]->(,GerryReynolds,")<-[:MEMBER {role: ""Member""}]-(",FineGael,"), "
(,Mayo,)-[:CONSTITUENCY_OF]->(,MichaelRing,")<-[:MEMBER {role: ""Member""}]-(",FineGael,"), "
(,LimerickCity,)-[:CONSTITUENCY_OF]->(,DenisRiordan,")<-[:MEMBER {role: ""Member""}]-(",Independent,"), "
(,GalwayEast,)-[:CONSTITUENCY_OF]->(,AnnemarieRoche,")<-[:MEMBER {role: ""Member""}]-(",SinnFein,"), "
(,DublinNorthWest,)-[:CONSTITUENCY_OF]->(,NoelRock,")<-[:MEMBER {role: ""Member""}]-(",FineGael,"), "
(,GalwayWest,)-[:CONSTITUENCY_OF]->(,TommyRoddy,")<-[:MEMBER {role: ""Member""}]-(",Independent,"), "
(,DublinRathdown,)-[:CONSTITUENCY_OF]->(,ShaneRoss,")<-[:MEMBER {role: ""Member""}]-(",Independent,"), "
(,CorkSouthCentral ,)-[:CONSTITUENCY_OF]->(,FionaRyan,")<-[:MEMBER {role: ""Member""}]-(",PeopleBeforeProfitAllianceAAA,"), "
(,DublinBaySouth,)-[:CONSTITUENCY_OF]->(,EamonRyan,")<-[:MEMBER {role: ""Member""}]-(",Greenparty,"), "
(,DublinCentral,)-[:CONSTITUENCY_OF]->(,AilisRyan,")<-[:MEMBER {role: ""Member""}]-(",WorkersParty,"), "
(,DublinFingal,)-[:CONSTITUENCY_OF]->(,BrendanRyan,")<-[:MEMBER {role: ""Member""}]-(",LabourParty,"), "
(,KildareSouth,)-[:CONSTITUENCY_OF]->(,PatriciaRyan,")<-[:MEMBER {role: ""Member""}]-(",SinnFein,"), "
(,Offaly,)-[:CONSTITUENCY_OF]->(,TeresaRyan-Feehan,")<-[:MEMBER {role: ""Member""}]-(",Independent,"), "
(,SligoLeitrim,)-[:CONSTITUENCY_OF]->(,EamonScanlon,")<-[:MEMBER {role: ""Member""}]-(",FiannaFail,"), "
(,LongfordWestmeath,)-[:CONSTITUENCY_OF]->(,MaeSexton,")<-[:MEMBER {role: ""Member""}]-(",Independent,"), "
(,DublinRathdown,)-[:CONSTITUENCY_OF]->(,AlanShatter,")<-[:MEMBER {role: ""Member""}]-(",FineGael,"), "
(,Mayo,)-[:CONSTITUENCY_OF]->(,MargaretSheehan,")<-[:MEMBER {role: ""Member""}]-(",Greenparty,"), "
(,GalwayWest,)-[:CONSTITUENCY_OF]->(,SeamusSheridan,")<-[:MEMBER {role: ""Member""}]-(",Greenparty,"), "
(,CorkEast,)-[:CONSTITUENCY_OF]->(,SeanSherlock,")<-[:MEMBER {role: ""Member""}]-(",LabourParty,"), "
(,Donegal,)-[:CONSTITUENCY_OF]->(,DessieShiels,")<-[:MEMBER {role: ""Member""}]-(",Independent,"), "
(,DublinNorthWest,)-[:CONSTITUENCY_OF]->(,RoisinShortall,")<-[:MEMBER {role: ""Member""}]-(",SocialDemocrats,"), "
(,DublinSouthWest,)-[:CONSTITUENCY_OF]->(,StephenSinclair,")<-[:MEMBER {role: ""Member""}]-(",DirectDemocracy,"), "
(,CavanMonaghan,)-[:CONSTITUENCY_OF]->(,BrendanSmith,")<-[:MEMBER {role: ""Member""}]-(",FiannaFail,"), "
(,CavanMonaghan,)-[:CONSTITUENCY_OF]->(,EmmettSmith,")<-[:MEMBER {role: ""Member""}]-(",Independent,"), "
(,Clare,)-[:CONSTITUENCY_OF]->(,FergalSmith,")<-[:MEMBER {role: ""Member""}]-(",Greenparty,"), "
(,DublinSouthCentral,)-[:CONSTITUENCY_OF]->(,BrídSmith,")<-[:MEMBER {role: ""Member""}]-(",PeopleBeforeProfitAllianceAAA,"), "
(,Tipperary,)-[:CONSTITUENCY_OF]->(,MichaelSmith,")<-[:MEMBER {role: ""Member""}]-(",FiannaFail,"), "
(,Offaly,)-[:CONSTITUENCY_OF]->(,KenSmollen,")<-[:MEMBER {role: ""Member""}]-(",IrishDemParty,"), "
(,CavanMonaghan,)-[:CONSTITUENCY_OF]->(,NiamhSmyth,")<-[:MEMBER {role: ""Member""}]-(",FiannaFail,"), "
(,DublinCentral,)-[:CONSTITUENCY_OF]->(,IanNoelSmyth,")<-[:MEMBER {role: ""Member""}]-(",Greenparty,"), "
(,DúnLaoghaire,)-[:CONSTITUENCY_OF]->(,OssianSmyth,")<-[:MEMBER {role: ""Member""}]-(",Greenparty,"), "
(,DúnLaoghaire,)-[:CONSTITUENCY_OF]->(,CarrieSmyth,")<-[:MEMBER {role: ""Member""}]-(",LabourParty,"), "
(,LongfordWestmeath,)-[:CONSTITUENCY_OF]->(,BarbaraSmyth,")<-[:MEMBER {role: ""Member""}]-(",Independent,"), "
(,CavanMonaghan,)-[:CONSTITUENCY_OF]->(,MarySmyth,")<-[:MEMBER {role: ""Member""}]-(",RenuaIreland,"), "
(,Kerry,)-[:CONSTITUENCY_OF]->(,ArthurSpring,")<-[:MEMBER {role: ""Member""}]-(",LabourParty,"), "
(,KildareNorth,)-[:CONSTITUENCY_OF]->(,EmmettStagg,")<-[:MEMBER {role: ""Member""}]-(",LabourParty,"), "
(,Laois,)-[:CONSTITUENCY_OF]->(,BrianStanley,")<-[:MEMBER {role: ""Member""}]-(",SinnFein,"), "
(,CorkEast,)-[:CONSTITUENCY_OF]->(,DavidStanton,")<-[:MEMBER {role: ""Member""}]-(",FineGael,"), "
(,DublinSouthWest,)-[:CONSTITUENCY_OF]->(,JoanSummerville-Malloy,")<-[:MEMBER {role: ""Member""}]-(",Independent,"), "
(,SligoLeitrim,)-[:CONSTITUENCY_OF]->(,BernardSweeney,")<-[:MEMBER {role: ""Member""}]-(",Independent,"), "
(,DublinBaySouth,)-[:CONSTITUENCY_OF]->(,EoinTierney,")<-[:MEMBER {role: ""Member""}]-(",Independent,"), "
(,Wicklow,)-[:CONSTITUENCY_OF]->(,BillyTimmins,")<-[:MEMBER {role: ""Member""}]-(",RenuaIreland,"), "
(,DublinMidWest,)-[:CONSTITUENCY_OF]->(,FrancisTimmons,")<-[:MEMBER {role: ""Member""}]-(",Independent,"), "
(,MeathWest,)-[:CONSTITUENCY_OF]->(,PeadarToíbín,")<-[:MEMBER {role: ""Member""}]-(",SinnFein,"), "
(,LongfordWestmeath,)-[:CONSTITUENCY_OF]->(,RobertTroy,")<-[:MEMBER {role: ""Member""}]-(",FiannaFail,"), "
(,DublinMidWest,)-[:CONSTITUENCY_OF]->(,JoannaTuffy,")<-[:MEMBER {role: ""Member""}]-(",LabourParty,"), "
(,CorkNorthCentral,)-[:CONSTITUENCY_OF]->(,TedTynan,")<-[:MEMBER {role: ""Member""}]-(",WorkersParty,"), "
(,MeathEast,)-[:CONSTITUENCY_OF]->(,SarahTyrrell,")<-[:MEMBER {role: ""Member""}]-(",RenuaIreland,"), "
(,Mayo,)-[:CONSTITUENCY_OF]->(,KamalUddin,")<-[:MEMBER {role: ""Member""}]-(",Independent,"), "
(,DublinWest,)-[:CONSTITUENCY_OF]->(,LeoVaradkar,")<-[:MEMBER {role: ""Member""}]-(",FineGael,"), "
(,Wexford,)-[:CONSTITUENCY_OF]->(,DeirdreWadding,")<-[:MEMBER {role: ""Member""}]-(",PeopleBeforeProfitAllianceAAA,"), "
(,KildareSouth,)-[:CONSTITUENCY_OF]->(,MarkWall,")<-[:MEMBER {role: ""Member""}]-(",LabourParty,"), "
(,CarlowKilkenny,)-[:CONSTITUENCY_OF]->(,AdrienneWallace,")<-[:MEMBER {role: ""Member""}]-(",PeopleBeforeProfitAllianceAAA,"), "
(,Wexford,)-[:CONSTITUENCY_OF]->(,MickWallace,")<-[:MEMBER {role: ""Member""}]-(",IndependentsForChange,"), "
(,CarlowKilkenny,)-[:CONSTITUENCY_OF]->(,NoelWalsh,")<-[:MEMBER {role: ""Member""}]-(",Independent,"), "
(,Waterford,)-[:CONSTITUENCY_OF]->(,JohnWalsh,")<-[:MEMBER {role: ""Member""}]-(",Independent,"), "
(,Wexford,)-[:CONSTITUENCY_OF]->(,AnnWalsh,")<-[:MEMBER {role: ""Member""}]-(",Greenparty,"), "
(,DublinSouthWest,)-[:CONSTITUENCY_OF]->(,KarenWarren,")<-[:MEMBER {role: ""Member""}]-(",FineGael,"), "
(,Louth,)-[:CONSTITUENCY_OF]->(,GarettWeldon,")<-[:MEMBER {role: ""Member""}]-(",PeopleBeforeProfitAllianceAAA,"), "
(,Laois,)-[:CONSTITUENCY_OF]->(,JohnWhelan,")<-[:MEMBER {role: ""Member""}]-(",LabourParty,"), "
(,DublinRathdown,)-[:CONSTITUENCY_OF]->(,MaryWhite,")<-[:MEMBER {role: ""Member""}]-(",FiannaFail,"), "
(,DublinRathdown,)-[:CONSTITUENCY_OF]->(,AlexWhite,")<-[:MEMBER {role: ""Member""}]-(",LabourParty,"), "
(,DúnLaoghaire,)-[:CONSTITUENCY_OF]->(,RaymondWhitehead,")<-[:MEMBER {role: ""Member""}]-(",DirectDemocracy,"), "
(,CavanMonaghan,)-[:CONSTITUENCY_OF]->(,JohnWilson,")<-[:MEMBER {role: ""Member""}]-(",Independent,"), "
(,Louth,)-[:CONSTITUENCY_OF]->(,MaeveYore,")<-[:MEMBER {role: ""Member""}]-(",Independent,"), "
(,KildareNorth,)-[:CONSTITUENCY_OF]->(,BrendanYoung,")<-[:MEMBER {role: ""Member""}]-(",Independent,"), "
(,DublinSouthWest,)-[:CONSTITUENCY_OF]->(,KatherineZappone,")<-[:MEMBER {role: ""Member""}]-(",Independent,);
